Duration (in seconds),RecordedDate,ResponseId,CurrentEcon,IdealEcon,BZSG_TOTAL,SDO_TOTAL,SDO_1,SDO_2,SDO_3,SDO_4,SDO_5,SDO_6,SDO_7,SDO_8,SDO_9,SDO_10,SDO_11,SDO_12,SDO_13,SDO_14,SDO_15,SDO_16,BZSG_1,BZSG_2,BZSG_3,BZSG_4,BZSG_5,BZSG_6,BZSG_7,BZSG_8,BZSG_9,BZSG_10,BZSG_11,BZSG_12,Age,Gender,Race,RaceID_TOTAL,RaceIdentiy_1,RaceIdentiy_2,RaceIdentiy_3,RaceIdentiy_4,PolAffiliation,PolIdeology_1,Education,Employment,Employment_9_TEXT,Income
54,12/10/19 13:05,R_2sU7AkTJ1uhrLAj,1,0,3.42,4.38,5,4,4,4,3,5,4,3,5,5,5,6,5,3,3,6,4,6,1,4,5,5,3,3,6,4,6,6,33,Male,White,3.75,6,3,2,4,Independent,57,Associates degree or technical training,Salaried full-time employee,,"50,000-59,999"
102,12/10/19 13:06,R_dppoCUyzx6e3tBL,1,0,4,1,1,1,1,1,7,7,7,7,1,1,1,1,7,7,7,7,4,4,4,4,4,4,4,4,4,4,4,4,37,Female,White,2,6,2,6,2,Democrat,0,4-year college degree,Hourly full-time employee,,"20,000-29,999"
100,12/10/19 13:06,R_2YtzLAJLmtjbiOY,1,1,4.5,4.06,6,7,7,6,7,6,7,7,6,7,6,7,6,6,6,6,7,5,6,6,6,6,7,7,7,7,7,7,28,Female,White,3.75,6,7,7,5,Democrat,68,4-year college degree,Salaried full-time employee,,"50,000-59,999"
95,12/10/19 13:06,R_py0KOmWncO8w5iN,0,0,4.58,4,3,4,4,6,6,6,2,3,2,5,5,2,4,1,6,3,2,3,4,6,3,5,5,7,3,2,2,5,35,Male,White,3.25,4,2,6,5,Democrat,22,4-year college degree,Salaried full-time employee,,"under $20,000"
98,12/10/19 13:06,R_3kBeq36Apu6y11g,0,1,4.67,4.38,3,7,5,4,2,6,6,1,3,5,5,5,4,4,2,6,6,5,7,4,6,4,4,3,4,4,2,5,33,Male,Hispanic or Latino,4.25,5,3,3,6,Democrat,20,4-year college degree,Salaried full-time employee,,"60,000-69,999"
83,12/10/19 13:06,R_6htxEVWyupYX5Bf,1,0,4.17,2.75,2,3,4,3,6,5,6,2,2,6,2,2,7,6,6,6,5,5,5,4,6,4,4,5,5,6,4,5,33,Female,White,4.5,4,6,4,4,Independent,55,Associates degree or technical training,Salaried full-time employee,,"30,000-39,999"
59,12/10/19 13:06,R_xnOg2DRDVhwvfep,0,1,4.33,4.44,6,7,4,3,3,5,6,1,6,5,1,6,4,5,3,4,6,5,5,5,7,3,4,3,6,4,3,5,23,Male,Hispanic or Latino,3.5,7,5,6,6,Republican,100,Highschool diploma or GED,Salaried full-time employee,,"50,000-59,999"
129,12/10/19 13:06,R_3D7RVDlWDZZlG40,1,0,3.58,3.44,4,3,4,4,3,6,4,7,1,3,3,2,2,4,4,3,3,4,3,4,3,3,2,3,3,4,4,3,32,Female,White,4,5,5,4,4,Democrat,2,Highschool diploma or GED,Salaried full-time employee,,"50,000-59,999"
141,12/10/19 13:06,R_1Kkg87wyIeAuOpD,0,0,2.25,1.69,2,2,3,3,7,6,7,5,1,1,1,2,7,7,7,6,1,1,2,2,2,2,2,6,7,6,7,3,26,Female,White,4.5,3,4,3,4,Democrat,16,4-year college degree,Student (not employed),,"90,000-99,999"
60,12/10/19 13:07,R_29hsr97gtD3J9aV,1,0,4.17,4.13,4,4,3,5,5,3,4,3,4,4,5,4,5,3,4,4,3,4,4,4,3,5,4,5,3,3,4,4,32,Female,Black or African American,4,4,3,4,5,Democrat,51,Associates degree or technical training,Hourly part-time employee,,"80,000-89,999"
119,12/10/19 13:07,R_3EhwDNd4AMoSy5V,1,0,3.17,2.31,1,2,2,1,7,5,6,6,4,2,4,4,7,6,6,4,4,3,3,3,2,3,3,5,6,6,6,2,28,Male,White,2,6,2,6,2,Democrat,0,4-year college degree,Salaried full-time employee,,"40,000-49,999"
50,12/10/19 13:07,R_1q2hhxEBM0kRHJC,1,1,3.17,4.31,3,4,1,1,5,3,1,3,5,4,5,3,3,1,1,4,3,1,1,2,2,3,6,4,1,1,7,7,25,Female,White,3.5,1,2,4,1,Democrat,34,Master's degree,Salaried full-time employee,,"70,000-79,999"
141,12/10/19 13:07,R_2OTEJTO2sxnfigG,1,0,4,1.38,1,1,1,1,7,7,7,7,7,1,1,1,7,7,7,7,4,5,5,3,3,5,4,4,4,4,4,5,25,Male,White,4,4,4,4,4,Independent,50,Highschool diploma or GED,Salaried full-time employee,,"30,000-39,999"
79,12/10/19 13:07,R_33BT8gsRAxEvPDl,0,0,4.08,3.63,3,5,3,3,5,5,5,5,4,5,5,2,3,5,5,3,5,3,4,5,3,3,3,5,4,3,3,4,34,Male,White,3.75,4,3,3,3,Independent,63,4-year college degree,Salaried full-time employee,,"30,000-39,999"
118,12/10/19 13:07,R_1gTJi6cq2Qnup1h,0,0,4,1.38,1,1,1,1,7,7,7,7,1,1,1,7,7,7,7,7,4,4,3,4,4,5,3,7,5,5,4,4,31,Male,White,6.75,1,7,1,6,Democrat,0,Some College,Salaried full-time employee,,"20,000-29,999"
167,12/10/19 13:07,R_22yjSIHjyaM6f0B,1,0,4.25,3.13,3,3,3,3,5,5,3,5,3,3,3,3,5,5,5,5,5,5,4,5,4,5,4,6,5,5,5,4,56,Male,White,5,3,5,3,5,Republican,61,Associates degree or technical training,Salaried full-time employee,,"20,000-29,999"
183,12/10/19 13:07,R_2e2Lr20viNgaNbs,1,1,3.58,2.88,5,5,7,7,5,7,7,7,1,1,1,4,7,5,7,4,5,3,5,4,1,5,1,5,5,4,5,4,38,Male,White,5.5,1,7,7,7,Republican,77,4-year college degree,Salaried full-time employee,,"150,000+"
150,12/10/19 13:07,R_9ZdplqD7lvCsVxv,1,0,5,2,2,2,1,2,6,6,6,7,2,6,1,2,7,6,5,7,6,4,5,5,5,6,3,7,5,5,2,1,22,Male,White,2.75,6,3,5,3,Democrat,8,Associates degree or technical training,Self-employed,,"20,000-29,999"
175,12/10/19 13:07,R_3r19gclj7FHafpe,1,0,5.92,5.75,6,6,6,6,2,2,2,2,5,5,5,6,2,3,2,2,6,6,6,6,6,6,6,6,2,2,3,2,28,Male,White,2,6,2,6,2,Democrat,24,Highschool diploma or GED,Salaried full-time employee,,"40,000-49,999"
194,12/10/19 13:07,R_1jj1puplzQyeoSB,1,0,4.08,1.63,1,1,1,1,7,7,6,6,2,1,1,2,6,5,6,5,5,5,4,4,2,5,1,5,5,5,2,2,42,Female,White,2.75,6,3,4,2,Independent,50,Highschool diploma or GED,Hourly full-time employee,,"40,000-49,999"
205,12/10/19 13:08,R_1ISGEBSPfTGM6jy,1,0,5,3.75,4,3,4,5,2,4,5,4,2,5,3,4,5,5,5,4,6,7,6,5,6,6,6,6,5,6,6,3,25,Male,Asian/Pacific Islander,5,4,6,3,5,Democrat,44,Some College,Hourly full-time employee,,"20,000-29,999"
161,12/10/19 13:08,R_VPutTGid0r7P9dv,1,0,5.17,1.94,1,1,1,2,6,7,1,7,1,1,1,3,6,6,6,5,6,6,4,6,5,6,3,7,3,5,3,2,37,Male,White,3,5,3,5,3,Democrat,16,4-year college degree,Salaried full-time employee,,"60,000-69,999"
215,12/10/19 13:08,R_2a8nbnohLZwtfFv,1,0,4.08,2,2,1,2,2,6,7,2,6,1,1,2,1,6,5,5,7,4,5,6,3,2,5,5,5,5,5,5,3,31,Male,White,3.5,5,4,5,4,Republican,52,Highschool diploma or GED,Hourly full-time employee,,"under $20,000"
218,12/10/19 13:08,R_XoJtaDYZ7JsFpN7,0,1,3,1,1,1,1,1,7,7,7,7,1,1,1,1,7,7,7,7,2,3,3,5,2,2,3,4,5,6,6,3,41,Female,White,1.5,7,2,6,1,Democrat,0,Some College,Hourly full-time employee,,"30,000-39,999"
217,12/10/19 13:08,R_1cXQHO57qbMpmkH,0,0,4.08,2.25,1,1,2,1,6,7,6,6,2,1,4,4,5,4,6,4,4,5,4,5,3,6,2,5,4,4,5,4,34,Male,White,2.5,6,4,6,2,Independent,60,Some College,Unemployed/looking for work,,"60,000-69,999"
234,12/10/19 13:08,R_vispFHCgZCr1GiR,1,0,4.92,1,1,1,1,1,7,7,7,7,1,1,1,1,7,7,7,7,5,5,5,5,5,6,4,7,4,4,4,3,62,Female,White,2.5,6,3,6,3,Democrat,30,Associates degree or technical training,Unemployed/looking for work,,"under $20,000"
146,12/10/19 13:08,R_sGU9V1iBKVgwxRD,0,0,4.58,3.31,3,5,5,5,3,6,3,6,3,3,3,3,6,6,6,5,6,5,6,5,6,6,6,6,6,6,6,5,36,Female,White,5.25,3,5,2,5,Democrat,23,4-year college degree,Salaried full-time employee,,"70,000-79,999"
197,12/10/19 13:08,R_2fdJbpO9mEhwepD,1,0,3.83,1.19,1,2,1,2,7,7,6,7,1,1,1,1,7,7,7,7,2,6,2,3,3,6,2,7,6,5,4,2,30,Male,White,2,6,2,6,2,Independent,41,Associates degree or technical training,Self-employed,,"40,000-49,999"
242,12/10/19 13:08,R_SGEV9IeGih5KlZ7,1,0,4.5,1.19,1,1,1,2,7,6,6,7,1,1,1,1,7,7,7,7,6,5,6,4,6,5,3,6,5,5,6,3,48,Male,White,2.25,6,3,6,2,Independent,70,4-year college degree,Salaried full-time employee,,"140,000-149,999"
205,12/10/19 13:08,R_26nVs724u3MPUTK,1,0,4.5,1,1,1,1,1,7,7,7,7,1,1,1,1,7,7,7,7,5,5,3,6,5,6,2,6,5,6,3,2,59,Female,White,3,5,3,5,3,Democrat,1,Associates degree or technical training,Hourly part-time employee,,"under $20,000"
137,12/10/19 13:08,R_2wjFVPgvf9NIKkJ,1,0,4.5,2.13,1,2,2,2,7,6,6,6,2,3,3,2,6,5,6,5,5,6,5,3,6,7,3,6,6,5,6,2,35,Female,White,2.25,6,2,5,2,Independent,47,4-year college degree,Salaried full-time employee,,"140,000-149,999"
260,12/10/19 13:08,R_aWOuOgi8IoNK7f3,1,0,5.83,1.38,1,1,2,5,7,7,7,6,1,1,1,1,7,7,7,7,5,6,7,6,5,6,4,7,2,2,3,1,41,Male,White,2,7,2,5,2,Democrat,40,4-year college degree,Salaried full-time employee,,"70,000-79,999"
211,12/10/19 13:08,R_qKhUlqFVuYlcuad,1,0,5,2.31,1,2,4,1,7,7,7,3,4,4,3,4,6,7,7,6,5,6,5,4,4,5,4,7,3,4,4,1,28,Male,White,3.25,5,2,4,4,Democrat,0,4-year college degree,Salaried full-time employee,,"60,000-69,999"
193,12/10/19 13:08,R_3GpTrpOiNiU4t4R,1,0,3.75,1.38,1,1,1,1,7,7,1,7,1,1,1,1,7,7,7,7,5,5,1,3,5,5,5,4,7,7,3,3,31,Male,Black or African American,7,1,7,1,7,Democrat,9,Associates degree or technical training,Salaried full-time employee,,"40,000-49,999"
126,12/10/19 13:08,R_3KpSg5wWkLTb9QC,0,0,2.67,3.31,2,5,5,2,3,6,6,6,2,6,5,2,6,3,5,5,2,2,2,6,2,2,2,2,6,6,6,2,32,Female,White,3.75,6,5,2,2,Democrat,8,4-year college degree,Salaried full-time employee,,"30,000-39,999"
209,12/10/19 13:08,R_1LRTzixzz3WGE4w,1,1,3,3.63,4,3,5,5,5,2,7,4,1,7,3,2,3,6,4,5,5,4,1,5,4,5,3,2,6,7,5,7,42,Male,White,4.5,5,6,4,5,Democrat,86,Master's degree,Self-employed,,"140,000-149,999"
276,12/10/19 13:09,R_1Ny9tdjtCXAsFE0,0,0,2.92,3.63,3,4,5,5,3,6,5,4,4,3,4,5,6,6,5,4,3,2,2,5,2,3,2,4,6,6,4,4,37,Female,White,3,6,3,4,3,Independent,59,4-year college degree,Hourly full-time employee,,"100,000-109,999"
100,12/10/19 13:09,R_3p534V5OqDngT2G,1,0,4.25,1,1,1,1,1,7,7,7,7,1,1,1,1,7,7,7,7,5,5,7,7,4,7,1,7,7,3,7,7,20,Male,White,1,7,1,7,1,Independent,40,Some College,Self-employed,,"90,000-99,999"
278,12/10/19 13:09,R_20S9fBNZL9ZOfWE,1,1,2,5.13,7,7,7,7,7,4,7,4,7,7,7,7,7,1,7,1,2,1,1,7,1,1,1,2,7,6,5,6,37,Male,Asian/Pacific Islander,1.5,7,2,7,2,Independent,100,4-year college degree,Self-employed,,"50,000-59,999"
142,12/10/19 13:09,R_cYGbv9aZCmJfJtf,1,0,4.33,4.56,7,7,7,7,1,7,7,4,4,7,1,7,5,5,4,5,4,4,5,7,1,4,4,4,4,4,4,1,23,Male,Black or African American,1,7,1,7,1,Independent,10,4-year college degree,Salaried full-time employee,,"90,000-99,999"
243,12/10/19 13:09,R_6lfON5jpdMAEjGF,0,0,4.17,3.25,1,3,3,1,7,6,6,5,3,3,5,5,3,3,3,3,6,5,5,5,5,5,3,5,6,5,6,4,51,Female,White,1,7,1,7,1,Democrat,1,Some College,Salaried full-time employee,,"70,000-79,999"
291,12/10/19 13:09,R_vra5yHBBwC557qh,0,0,4,2.38,5,2,1,5,7,6,1,7,1,1,1,3,6,6,6,6,3,5,2,5,1,3,3,5,4,3,2,2,38,Male,White,2.5,4,2,6,2,Democrat,20,4-year college degree,Hourly full-time employee,,"80,000-89,999"
281,12/10/19 13:09,R_2CWL2HBZrdHidIr,0,0,2.83,5.25,5,5,4,7,5,6,6,7,7,7,7,7,1,2,1,1,2,2,3,2,2,2,2,5,6,5,6,1,59,Male,White,4.5,3,5,5,5,Independent,70,4-year college degree,Hourly full-time employee,,"40,000-49,999"
278,12/10/19 13:09,R_3HjZwKjXRBDPNFt,0,0,4.83,2.19,2,2,2,2,5,7,6,6,2,2,2,2,6,3,6,6,6,5,5,5,5,6,7,7,6,6,6,2,35,Male,Asian/Pacific Islander,7,1,7,1,7,Republican,60,Associates degree or technical training,Hourly full-time employee,,"60,000-69,999"
275,12/10/19 13:09,R_SC7iOVYAEZnfTxL,0,0,3.25,4.13,2,6,6,2,6,6,6,6,6,5,6,6,4,3,4,2,2,3,2,5,2,3,2,3,5,6,2,2,55,Female,White,2,6,2,6,2,Republican,62,Highschool diploma or GED,Self-employed,,"20,000-29,999"
174,12/10/19 13:09,R_10T2thWriMwh1tR,1,0,4.58,1,1,1,1,1,7,7,7,7,1,1,1,1,7,7,7,7,5,6,4,6,2,6,1,7,7,5,1,1,30,Male,White,1,7,1,7,1,Democrat,0,4-year college degree,Hourly full-time employee,,"20,000-29,999"
170,12/10/19 13:09,R_1DurpwdUd1YHfeQ,1,1,4.17,3.69,4,4,5,4,7,5,5,6,7,5,7,5,7,4,5,7,4,6,5,5,7,5,6,4,7,4,7,6,28,Male,White,4.25,5,4,4,6,Democrat,37,Master's degree,Salaried full-time employee,,"100,000-109,999"
233,12/10/19 13:09,R_wSick8h591vwSoF,1,0,5.58,3,1,5,4,1,2,5,5,4,2,3,4,5,7,6,7,5,4,7,7,5,6,7,5,7,2,3,3,5,24,Male,Asian/Pacific Islander,1,7,1,7,1,Independent,50,Highschool diploma or GED,Self-employed,,"150,000+"
195,12/10/19 13:09,R_2frFq7NIembcvGM,0,0,3.42,1,1,1,1,1,7,7,7,7,1,1,1,1,7,7,7,7,2,2,2,3,3,4,5,5,5,6,5,1,35,Male,White,1.75,7,3,7,2,Democrat,3,4-year college degree,Salaried full-time employee,,"120,000-129,999"
105,12/10/19 13:09,R_2fe1lBm80pFGVRD,1,0,3.83,4,4,4,4,4,4,4,4,4,4,4,4,4,4,4,4,4,6,4,4,4,4,4,4,4,6,6,4,4,29,Female,Black or African American,4,4,4,4,4,Democrat,0,Some College,Salaried full-time employee,,"50,000-59,999"
236,12/10/19 13:09,R_24reiUlnfNM1F5n,0,0,2.75,1.38,1,1,1,1,6,6,7,6,1,1,1,2,7,6,7,6,2,3,3,2,3,3,3,3,5,5,5,6,34,Male,Asian/Pacific Islander,5.5,2,5,2,5,Democrat,20,Associates degree or technical training,Salaried full-time employee,,"30,000-39,999"
159,12/10/19 13:09,R_2rVeDj1tu0luSfD,0,0,3,2.19,1,2,2,2,5,6,6,5,2,3,2,3,6,7,6,5,4,3,3,3,2,3,1,5,6,6,4,4,52,Male,White,2,6,2,6,2,Independent,50,Some College,Not in workforce,,"under $20,000"
39,12/10/19 13:09,R_2ykgbtp010T7t6t,0,0,5.17,4.31,4,4,4,2,3,1,5,6,6,3,1,7,2,1,7,1,7,6,6,3,3,1,6,6,5,1,1,1,25,Male,White,5.75,1,7,1,2,Independent,28,Master's degree,Salaried full-time employee,,"70,000-79,999"
254,12/10/19 13:09,R_12RTZEDKGLMncjK,1,0,4.42,1,1,1,1,1,7,7,7,7,1,1,1,1,7,7,7,7,2,3,3,6,1,3,2,6,1,2,1,1,43,Male,White,1,7,1,7,1,Democrat,0,4-year college degree,Salaried full-time employee,,"50,000-59,999"
167,12/10/19 13:09,R_2YP82OuowOxx18A,1,0,5,1,1,1,1,1,7,7,7,7,1,1,1,1,7,7,7,7,7,7,5,3,5,6,4,7,5,4,5,2,36,Male,White,1.75,7,1,6,3,Democrat,3,Highschool diploma or GED,Self-employed,,"20,000-29,999"
213,12/10/19 13:10,R_2VFa2ow17LwUwde,1,0,4.75,1.38,1,1,1,1,7,7,7,1,1,1,1,1,7,7,7,7,4,4,4,6,4,5,2,4,5,1,1,1,35,Female,White,2.75,7,5,7,4,Democrat,0,Associates degree or technical training,Not in workforce,,"120,000-129,999"
302,12/10/19 13:10,R_3011fbFW0GJAzvV,1,0,4.33,4,4,5,4,4,5,5,4,4,4,5,4,5,4,5,4,4,5,5,5,4,5,5,4,5,5,4,4,5,42,Female,White,3.75,5,4,5,5,Democrat,36,4-year college degree,Salaried full-time employee,,"70,000-79,999"
345,12/10/19 13:10,R_3dHedxjUmcdrNrm,1,0,2,2.19,2,2,2,2,7,6,6,6,2,6,2,2,6,6,6,6,1,1,1,3,2,1,1,4,6,5,6,5,26,Female,Black or African American,4,4,4,4,4,Democrat,7,4-year college degree,Salaried full-time employee,,"70,000-79,999"
325,12/10/19 13:10,R_1F5pmT9wIaTOUjN,0,1,4.5,4.13,7,5,5,6,7,4,6,7,6,5,5,6,4,6,3,6,6,7,6,6,5,6,3,6,7,5,6,5,29,Female,Hispanic or Latino,4.5,5,6,6,7,Democrat,21,4-year college degree,Salaried full-time employee,,"60,000-69,999"
187,12/10/19 13:10,R_3lrlXtd1KS46GKn,1,0,3.67,1.06,1,1,1,1,7,7,7,7,1,1,1,2,7,7,7,7,4,4,2,5,2,4,2,6,5,5,4,3,58,Female,White,2,6,2,6,2,Democrat,0,4-year college degree,Salaried full-time employee,,"130,000-139,999"
308,12/10/19 13:10,R_1laDMYLgPpRN090,0,0,4.5,1.94,2,2,2,1,6,6,6,6,2,2,2,2,6,6,6,6,5,4,4,5,4,5,3,6,4,4,4,2,39,Male,Asian/Pacific Islander,6,2,6,2,6,Democrat,30,4-year college degree,Hourly full-time employee,,"20,000-29,999"
142,12/10/19 13:10,R_p0HATnv9B0ibAWZ,0,0,3.58,3.38,3,5,3,3,4,5,6,6,3,4,3,4,4,5,5,3,6,3,5,5,2,4,4,4,5,6,6,5,42,Female,White,4.75,3,5,4,5,Independent,7,Some College,Salaried full-time employee,,"20,000-29,999"
362,12/10/19 13:10,R_1KpUlH8KEQ7EIoI,1,0,4.83,4.25,5,6,4,5,3,5,4,2,2,2,5,6,4,3,6,4,5,6,4,4,5,6,4,6,4,4,5,1,36,Male,White,2.5,6,3,6,3,Independent,48,Some College,Hourly full-time employee,,"40,000-49,999"
225,12/10/19 13:10,R_Z9IhBcMC4f8CQh3,0,0,2.5,1,1,1,1,1,7,7,7,7,1,1,1,1,7,7,7,7,1,2,2,3,1,3,2,3,5,5,5,4,36,Female,White,2.5,7,7,7,1,Democrat,0,Some College,Hourly full-time employee,,"100,000-109,999"
365,12/10/19 13:10,R_85JWbr5iPby0cYF,1,1,4.25,1.13,1,1,2,1,7,7,7,7,1,2,1,1,7,7,7,7,5,5,5,5,5,5,3,5,5,3,6,5,36,Female,White,4.75,3,6,5,5,Democrat,30,4-year college degree,Hourly full-time employee,,"110,000-119,999"
121,12/10/19 13:10,R_1my33cyPq2M261A,1,0,4.58,4.44,6,6,3,7,5,2,5,7,5,6,5,7,3,5,4,7,4,5,6,5,7,6,7,6,7,3,6,7,25,Male,White,4,6,5,6,7,Democrat,11,4-year college degree,Salaried full-time employee,,"20,000-29,999"
223,12/10/19 13:10,R_Qol87YQnreqVqeZ,1,0,4.42,1.94,1,1,1,4,4,7,1,4,1,1,1,1,7,7,7,7,7,6,4,7,4,7,4,7,7,4,7,7,39,Female,White,5.5,4,6,2,6,Democrat,49,Some College,Homemaker,,"under $20,000"
137,12/10/19 13:10,R_uqQdIptjaJvERuV,1,0,3.92,2.5,3,3,3,3,5,6,5,5,2,2,2,2,6,6,5,6,4,3,4,3,4,4,5,4,5,5,3,3,22,Male,White,2,6,2,6,2,Democrat,36,Some College,Hourly part-time employee,,"20,000-29,999"
369,12/10/19 13:10,R_1lygEeEOtSvJoU9,1,1,5.5,4.31,6,4,2,4,6,3,6,6,6,6,3,7,5,2,3,2,5,5,5,5,5,7,1,7,1,1,3,1,34,Female,White,5.5,3,6,3,6,Republican,100,Associates degree or technical training,Hourly full-time employee,,"70,000-79,999"
122,12/10/19 13:10,R_YWuZ7D1Udf9mEet,0,0,3.25,4.63,4,7,5,5,5,5,5,4,7,5,5,2,4,2,3,2,3,3,3,4,3,3,3,3,4,4,5,5,48,Female,White,4.5,4,5,4,5,Republican,100,Some College,Hourly full-time employee,,"130,000-139,999"
193,12/10/19 13:10,R_3O34Yv8U9wkPCtE,1,1,4.83,4.13,6,6,7,6,6,6,7,6,7,6,7,6,6,7,6,5,7,7,7,6,6,5,6,7,5,7,7,6,28,Male,Hispanic or Latino,3.25,7,5,7,6,Democrat,46,4-year college degree,Salaried full-time employee,,"under $20,000"
175,12/10/19 13:11,R_2YQALdO8PhhqFc9,1,1,5.25,2.38,2,1,7,1,6,6,1,6,1,6,1,1,6,7,7,7,6,7,7,5,7,6,5,6,7,5,4,2,28,Male,Hispanic or Latino,1.25,6,1,7,1,Democrat,17,Highschool diploma or GED,Salaried full-time employee,,"20,000-29,999"
85,12/10/19 13:11,R_tMxlu1phFNIdi0x,1,0,2.75,5.56,5,6,6,6,3,2,4,3,6,6,5,6,2,2,2,3,2,3,2,2,3,3,3,2,5,6,5,3,29,Male,White,3,5,3,5,3,Independent,50,4-year college degree,Salaried full-time employee,,"80,000-89,999"
120,12/10/19 13:11,R_3PisSO9WQa9SwYM,1,1,5,7,7,7,7,7,1,1,1,1,7,7,7,7,1,1,1,1,7,6,7,7,6,6,4,5,4,7,5,4,36,Male,White,7,1,7,1,7,Republican,100,4-year college degree,Hourly full-time employee,,"under $20,000"
161,12/10/19 13:11,R_22Fzul1MF8pggau,1,0,4.17,1,1,1,1,1,7,7,7,7,1,1,1,1,7,7,7,7,5,1,5,7,5,5,1,7,7,7,3,1,28,Male,White,7,1,7,1,7,Republican,100,4-year college degree,Salaried full-time employee,,"120,000-129,999"
404,12/10/19 13:11,R_xsFWrDGkZ1lkXaV,0,0,2,1.56,1,2,1,1,6,7,7,7,1,6,2,1,7,6,7,7,1,1,1,2,1,1,1,2,6,5,4,3,59,Male,White,2,6,2,6,2,Independent,17,Master's degree,Self-employed,,"20,000-29,999"
323,12/10/19 13:11,R_33ywWGRRnrPpdAU,1,1,2,4.75,3,5,5,2,5,5,2,3,6,6,6,6,3,2,5,2,1,2,2,3,1,2,2,2,5,6,7,5,69,Female,White,4.5,3,5,5,5,Republican,100,Associates degree or technical training,Other,retired,"20,000-29,999"
132,12/10/19 13:11,R_2VKZ5IzJYch9CvU,1,1,4.42,3.88,4,6,6,6,5,6,3,5,2,6,3,2,5,6,2,5,5,4,5,4,3,6,7,6,3,6,5,5,22,Male,White,4.75,6,5,3,7,Independent,88,4-year college degree,Salaried full-time employee,,"90,000-99,999"
303,12/10/19 13:11,R_3s6nJLDPk7QOdso,1,0,3.5,3.06,3,3,6,3,6,6,5,6,3,3,2,3,5,5,3,5,5,3,3,6,3,5,3,6,6,5,7,6,62,Male,White,5.75,3,6,2,6,Independent,40,4-year college degree,Self-employed,,"under $20,000"
191,12/10/19 13:11,R_3qKTIZ51Pcwg3J1,1,0,3.67,4.31,7,6,4,6,5,5,5,5,4,6,5,6,4,5,6,4,3,6,4,5,4,5,4,4,7,6,5,5,24,Male,Black or African American,3.25,5,4,5,3,Democrat,38,Associates degree or technical training,Salaried full-time employee,,"80,000-89,999"
292,12/10/19 13:11,R_2dTsm8X5OZN215S,1,0,4.67,1.38,1,1,1,1,7,1,7,7,1,1,1,1,7,7,7,7,5,6,5,5,4,6,3,7,5,4,5,3,42,Male,White,1.5,6,1,6,1,Democrat,8,4-year college degree,Salaried full-time employee,,"70,000-79,999"
280,12/10/19 13:11,R_2bMY9d1bsSr64t6,1,0,4.33,2.19,1,2,5,1,7,7,7,7,3,2,3,5,7,7,6,3,5,6,6,5,3,6,2,6,6,5,5,3,49,Female,White,4,3,3,3,3,Republican,60,4-year college degree,Salaried full-time employee,,"50,000-59,999"
234,12/10/19 13:12,R_2fBe6vfTtay3ZBA,0,0,3.25,1.69,1,1,1,1,7,7,7,6,2,2,2,5,7,6,7,5,2,1,2,5,2,3,3,4,5,5,4,1,55,Female,White,2.5,6,2,5,3,Democrat,50,Highschool diploma or GED,Not in workforce,,"100,000-109,999"
353,12/10/19 13:12,R_33ExlkV6KOUxJPq,1,0,4.92,1,1,1,1,1,7,7,7,7,1,1,1,1,7,7,7,7,3,7,7,6,7,7,2,7,7,6,5,1,34,Male,White,1,7,1,7,1,Independent,40,Associates degree or technical training,Hourly full-time employee,,"under $20,000"
307,12/10/19 13:12,R_OkjGfCHwxAWOfq9,0,0,1.42,1.38,1,1,1,1,7,7,1,7,1,1,1,1,7,7,7,7,1,1,1,4,1,1,1,1,7,7,6,6,38,Female,White,4,4,4,4,4,Independent,52,Some College,Hourly part-time employee,,"90,000-99,999"
170,12/10/19 13:12,R_xFwlsjsKXjcsWhr,1,0,5,1,1,1,1,1,7,7,7,7,1,1,1,1,7,7,7,7,5,6,6,5,5,5,3,7,4,5,4,1,26,Female,White,1.5,6,1,6,1,Independent,0,4-year college degree,Self-employed,,"under $20,000"
260,12/10/19 13:12,R_2RUDkylgGIPqbPj,0,0,3.5,3.63,3,4,4,4,4,5,5,4,3,4,4,4,5,5,4,4,4,3,3,4,3,3,3,3,4,4,4,4,59,Male,White,3.75,5,5,5,4,Independent,71,4-year college degree,Hourly part-time employee,,"30,000-39,999"
257,12/10/19 13:12,R_DCDhKnlrra31jZD,0,0,1.75,1.5,1,1,1,1,6,6,6,6,1,1,1,1,6,6,6,6,1,1,1,4,1,1,1,1,7,5,6,4,31,Female,White,1,7,1,7,1,Independent,50,Associates degree or technical training,Hourly full-time employee,,"30,000-39,999"
136,12/10/19 13:12,R_1KZ7WvGg3cRASFH,1,0,5.08,1.63,1,2,2,1,7,7,1,6,1,1,1,1,7,7,7,6,6,5,4,5,5,6,3,7,4,3,4,1,26,Male,Other,3.5,5,4,5,4,Democrat,2,4-year college degree,Self-employed,,"60,000-69,999"
334,12/10/19 13:12,R_3gRhk1V36kV3TAa,0,0,3.58,2.38,2,2,2,2,5,7,5,3,2,2,2,3,7,6,6,4,5,3,2,5,2,3,2,5,4,4,6,2,22,Male,White,2,6,2,6,2,Democrat,50,Some College,Self-employed,,"100,000-109,999"
276,12/10/19 13:12,R_1JUrUwG4fvBvZrG,0,0,2.67,1.38,1,1,1,1,7,7,7,7,1,7,1,1,7,7,7,7,2,2,2,4,2,2,2,2,4,4,6,4,38,Male,White,4,4,4,4,4,Independent,50,Some College,Hourly full-time employee,,"20,000-29,999"
195,12/10/19 13:12,R_3MyDhqKrWyAGPmg,1,0,5,1,1,1,1,1,7,7,7,7,1,1,1,1,7,7,7,7,6,7,6,5,6,6,3,7,6,6,5,1,30,Female,White,2,6,2,6,2,Democrat,23,Some College,Hourly full-time employee,,"under $20,000"
207,12/10/19 13:12,R_2wgyGATWkU9lQAK,0,0,2.83,2.88,1,1,1,1,6,6,6,6,4,7,4,6,6,3,6,4,2,1,1,4,1,2,4,4,4,4,5,4,62,Female,White,1.5,7,2,7,2,Independent,61,Master's degree,Hourly part-time employee,,"40,000-49,999"
150,12/10/19 13:13,R_TwqzwjpEAEqpr8J,0,0,3.58,1,1,1,1,1,7,7,7,7,1,1,1,1,7,7,7,7,2,6,2,4,2,6,2,7,6,6,6,2,41,Male,White,1,7,1,7,1,Independent,50,Associates degree or technical training,Salaried full-time employee,,"70,000-79,999"
167,12/10/19 13:13,R_3mmbAACqXkcdZXr,0,0,2.92,2.31,2,1,1,2,7,2,7,6,6,2,7,1,7,7,7,6,2,3,3,2,2,2,2,1,5,2,2,5,29,Male,White,1.5,7,1,6,2,Republican,75,4-year college degree,Hourly full-time employee,,"60,000-69,999"
199,12/10/19 13:13,R_UgBD6EsaMs38fUB,1,0,2,1,1,1,1,1,7,7,7,7,1,1,1,1,7,7,7,7,1,1,1,2,1,2,1,2,6,6,6,1,36,Male,White,2.75,1,1,6,1,Democrat,0,Master's degree,Salaried full-time employee,,"30,000-39,999"
138,12/10/19 13:13,R_3ijVjji3SwqV2AL,1,0,3.67,1,1,1,1,1,7,7,7,7,1,1,1,1,7,7,7,7,2,3,4,4,2,6,1,6,5,6,4,1,29,Female,White,1,7,1,7,1,Democrat,0,Highschool diploma or GED,Salaried full-time employee,,"50,000-59,999"
124,12/10/19 13:13,R_2VvuBGTmRE3DhMU,0,0,3.92,2.38,2,2,3,2,7,6,2,6,2,2,3,4,7,6,7,5,4,3,3,6,2,4,3,6,5,4,4,3,31,Male,White,2,6,2,6,2,Democrat,40,4-year college degree,Salaried full-time employee,,"40,000-49,999"
322,12/10/19 13:13,R_2E4QUNwnWgYfzAq,1,1,5.83,1.81,3,2,2,3,7,7,5,7,2,2,2,2,7,6,7,7,5,6,5,7,6,5,5,7,2,3,2,1,37,Male,Black or African American,5,3,5,3,5,Independent,30,Highschool diploma or GED,Salaried full-time employee,,"30,000-39,999"
212,12/10/19 13:13,R_2ZVrWzevStP1hqP,1,1,2.92,4.88,5,6,6,6,4,3,4,3,1,6,7,7,7,1,7,1,2,1,2,7,2,2,2,3,4,4,4,6,39,Male,Asian/Pacific Islander,3,5,3,5,3,Republican,70,Some College,Hourly full-time employee,,"60,000-69,999"
370,12/10/19 13:13,R_3oG5CUlp7rMB2St,0,0,3.5,2.5,3,2,1,2,6,6,6,1,1,2,1,2,7,6,1,5,2,5,2,5,1,2,5,4,2,5,7,2,26,Male,White,4.75,3,5,6,7,Democrat,12,4-year college degree,Salaried full-time employee,,"80,000-89,999"
225,12/10/19 13:13,R_2rrw487LRNYAnaq,0,0,4.67,4.13,6,7,6,6,7,6,6,6,6,6,7,7,7,6,5,6,6,5,5,6,6,7,6,7,6,6,5,7,26,Male,White,3.5,7,6,6,5,Democrat,17,4-year college degree,Hourly full-time employee,,"under $20,000"
115,12/10/19 13:13,R_4MikMxzd6ktlqq5,1,1,4.58,3.81,5,7,6,6,6,7,5,6,4,5,6,6,6,6,6,6,6,4,5,6,5,6,5,5,5,6,4,4,25,Male,White,3.75,6,5,6,6,Democrat,73,4-year college degree,Salaried full-time employee,,"under $20,000"
206,12/10/19 13:13,R_AhYP6qINhpvTtBv,1,0,4.25,4.06,4,4,6,5,1,6,4,7,6,3,4,6,6,2,7,4,3,6,7,6,5,3,2,4,2,7,3,5,30,Male,White,3.25,7,6,5,3,Republican,28,4-year college degree,Hourly full-time employee,,"40,000-49,999"
98,12/10/19 13:13,R_2e4jzbYxXwmDF45,1,1,4.42,4.25,6,6,6,6,6,5,5,5,4,5,6,5,4,5,6,4,6,5,5,5,5,6,6,5,6,6,4,6,55,Female,White,4,6,6,5,5,Democrat,100,4-year college degree,Salaried full-time employee,,"50,000-59,999"
539,12/10/19 13:13,R_3RpUSB4DWL2czDa,0,0,3.83,1,1,1,1,1,7,7,7,7,1,1,1,1,7,7,7,7,3,5,4,4,4,5,1,5,6,7,2,2,43,Female,Black or African American,5.25,3,6,4,6,Democrat,15,4-year college degree,Self-employed,,"50,000-59,999"
309,12/10/19 13:13,R_3nTOAycRSFyVNYi,0,0,4.58,1,1,1,1,1,7,7,7,7,1,1,1,1,7,7,7,7,3,3,2,7,3,6,3,7,5,2,3,1,44,Male,White,5.75,2,6,2,5,Democrat,0,4-year college degree,Salaried full-time employee,,"60,000-69,999"
270,12/10/19 13:13,R_3FIDUYIf0LGdXCq,1,0,3.58,1.06,1,1,1,1,7,7,7,7,1,1,1,2,7,7,7,7,3,3,3,3,2,2,3,7,5,5,4,1,37,Female,White,2,6,2,6,2,Democrat,0,Some College,Self-employed,,"70,000-79,999"
227,12/10/19 13:13,R_1PRfq7NuW0LWIyy,0,0,3,1.31,1,1,1,1,7,7,7,7,1,5,1,1,7,6,7,7,6,1,1,6,1,1,3,4,5,5,5,4,34,Male,White,1,7,1,7,1,Independent,45,4-year college degree,Salaried full-time employee,,"130,000-139,999"
228,12/10/19 13:14,R_ylsSEmUSwNL2SMF,0,0,2.58,4.31,1,5,1,6,7,1,4,2,5,4,4,5,4,1,6,1,1,1,1,1,1,1,1,5,7,1,4,1,34,Female,White,1,7,1,7,1,Independent,50,Highschool diploma or GED,Hourly full-time employee,,"50,000-59,999"
103,12/10/19 13:14,R_3esJG3reG8WOLbA,0,0,2.42,1.19,1,1,1,1,6,7,7,7,1,1,2,1,7,7,6,7,2,2,2,3,1,2,2,3,5,5,5,5,33,Male,White,1,7,1,7,1,Democrat,13,4-year college degree,Salaried full-time employee,,"30,000-39,999"
291,12/10/19 13:14,R_2ydDoeDMTdTW7Aa,0,0,2.92,2.44,1,2,1,2,6,7,1,6,2,6,2,2,6,6,6,5,2,2,2,4,2,4,3,3,5,5,5,4,36,Male,Black or African American,5,3,5,3,5,Democrat,24,Associates degree or technical training,Salaried full-time employee,,"70,000-79,999"
540,12/10/19 13:14,R_3ps6XmoVCTosvuT,1,0,4.58,2.69,2,2,4,1,6,6,6,6,5,3,3,3,5,5,5,5,4,5,6,3,4,6,2,6,5,3,3,2,24,Male,Asian/Pacific Islander,5.25,2,5,3,5,Democrat,25,4-year college degree,Unemployed/looking for work,,"60,000-69,999"
391,12/10/19 13:14,R_27wBUeSQYN4Z67E,1,0,4.67,1.75,1,1,1,1,7,7,1,1,1,1,1,1,7,7,7,7,6,5,5,7,5,5,1,6,7,2,6,1,53,Female,White,4,3,5,7,5,Republican,90,Some College,Hourly full-time employee,,"40,000-49,999"
594,12/10/19 13:14,R_2velun2arjmbq1J,0,0,3.42,2.13,1,2,3,2,7,6,2,6,1,3,2,3,7,7,6,6,3,3,2,5,6,2,3,6,3,7,6,5,24,Male,White,6,2,5,1,6,Democrat,14,Associates degree or technical training,Salaried full-time employee,,"70,000-79,999"
344,12/10/19 13:14,R_27CECxyTqBMoK0t,1,0,3.17,2.44,1,5,2,1,6,5,6,6,1,1,3,4,5,5,5,5,2,2,2,2,2,1,3,2,2,3,3,2,30,Male,White,4,4,4,4,4,Independent,13,4-year college degree,Salaried full-time employee,,"under $20,000"
329,12/10/19 13:14,R_12Lw31YCdRqTfje,1,0,3.58,3.44,1,1,1,1,5,5,6,3,7,5,7,5,5,5,5,3,7,2,2,5,1,6,1,3,4,5,5,2,72,Female,White,5,5,6,3,6,Republican,100,Highschool diploma or GED,Self-employed,,"20,000-29,999"
248,12/10/19 13:14,R_DoQIPLcQZrwnAf7,0,0,3.67,1.56,1,1,1,1,6,7,7,7,2,2,2,3,7,7,6,5,3,3,3,6,2,3,2,5,5,5,3,2,56,Male,White,2.25,6,3,6,2,Democrat,8,Some College,Salaried full-time employee,,"80,000-89,999"
319,12/10/19 13:15,R_3killsqZJ5cegnv,1,1,3.92,3.75,6,6,6,5,6,6,5,5,5,5,5,4,6,6,6,6,5,5,5,4,5,5,3,5,6,5,5,6,72,Male,White,4,5,5,5,5,Democrat,8,Highschool diploma or GED,Hourly full-time employee,,"40,000-49,999"
151,12/10/19 13:15,R_2AXpWXmPY1uMrkm,0,0,2.5,3.69,5,5,6,5,3,3,4,4,3,2,2,3,5,5,6,6,2,2,2,6,1,2,3,2,6,5,5,6,43,Female,White,4.5,4,5,4,5,Republican,95,4-year college degree,Salaried full-time employee,,"50,000-59,999"
417,12/10/19 13:15,R_1Nkxdp1yrN1iIB1,0,0,3.58,3.19,4,3,4,4,6,5,5,5,3,4,3,3,5,5,5,5,4,4,4,5,4,4,3,4,6,5,5,5,54,Female,White,4.5,4,5,3,4,Republican,10,Associates degree or technical training,Salaried full-time employee,,"70,000-79,999"
40,12/10/19 13:15,R_2pRAUM4vOjpmPzi,1,1,4.42,4.75,1,1,3,1,6,1,2,5,7,7,6,6,1,1,3,1,7,3,6,5,4,4,1,4,5,1,4,3,40,Female,White,2.25,7,3,4,1,Democrat,20,Master's degree,Salaried full-time employee,,"90,000-99,999"
139,12/10/19 13:15,R_1kMjU0FpCt92b4e,1,1,5.5,7,7,7,7,7,1,1,1,1,7,7,7,7,1,1,1,1,6,6,6,6,6,6,6,6,1,1,6,6,33,Female,White,1.5,6,1,6,1,Independent,50,Highschool diploma or GED,Hourly full-time employee,,"under $20,000"
239,12/10/19 13:15,R_3MzgD5OzFbqb12r,1,1,4.75,3.75,7,7,6,6,7,7,6,7,7,5,6,6,6,7,7,7,5,7,6,7,7,6,6,6,7,5,6,7,32,Male,Black or African American,4,6,7,6,5,Republican,100,Master's degree,Salaried full-time employee,,"20,000-29,999"
392,12/10/19 13:15,R_3R7UDLRJssOB2rs,1,1,3.92,4.56,5,7,5,3,4,6,5,4,7,7,7,7,7,4,6,3,6,5,6,4,3,3,7,4,6,7,5,5,39,Male,White,5.25,4,7,5,7,Republican,0,4-year college degree,Salaried full-time employee,,"20,000-29,999"
252,12/10/19 13:15,R_2QfzZnTWWrwvzjD,0,1,4.5,4.38,5,7,6,1,6,6,6,7,7,7,7,7,1,7,1,7,7,7,6,7,7,5,2,6,7,6,5,7,28,Male,White,5.5,6,7,1,6,Republican,100,Master's degree,Salaried full-time employee,,"70,000-79,999"
327,12/10/19 13:15,R_2ZW7vgu9Dq6vz9p,1,0,3.67,1.44,2,1,1,1,7,7,1,7,1,1,1,1,7,7,7,7,4,4,4,4,4,3,3,4,5,6,4,3,25,Male,Asian/Pacific Islander,6.5,2,6,1,7,Independent,50,4-year college degree,Unemployed/looking for work,,"30,000-39,999"
224,12/10/19 13:15,R_0dG505oZAKlom2Z,0,0,4,1,1,1,1,1,7,7,7,7,1,1,1,1,7,7,7,7,4,4,4,5,2,4,3,4,4,4,3,3,38,Male,White,2,6,2,6,2,Democrat,0,Associates degree or technical training,Salaried full-time employee,,"20,000-29,999"
182,12/10/19 13:15,R_3O80JC19bor9U4d,1,0,4.5,1,1,1,1,1,7,7,7,7,1,1,1,1,7,7,7,7,4,4,5,4,4,4,1,7,3,3,4,1,26,Male,White,1,7,1,7,1,Democrat,0,Some College,Hourly part-time employee,,"40,000-49,999"
256,12/10/19 13:15,R_tQX2P1ECaD5e7It,1,0,4.58,3.81,4,4,5,3,4,3,5,3,4,4,4,4,6,5,5,4,5,5,5,4,5,5,4,5,4,4,4,3,30,Male,White,5,3,5,3,5,Democrat,5,Master's degree,Salaried full-time employee,,"90,000-99,999"
433,12/10/19 13:15,R_2bV7Bjnd4FL6i2B,0,1,4.42,1.56,1,1,4,1,7,7,7,7,1,1,1,7,7,7,7,7,6,6,6,4,5,5,5,6,6,5,5,6,29,Male,Black or African American,6.5,2,7,1,6,Independent,49,Associates degree or technical training,Unemployed/looking for work,,"50,000-59,999"
100,12/10/19 13:16,R_1FfjMzKQyc0pzgr,0,0,3.42,1.44,1,1,1,1,6,7,1,7,1,1,1,1,7,7,7,7,3,1,1,4,1,7,2,7,6,6,4,1,31,Male,White,2.5,7,1,1,1,Democrat,8,Some College,Self-employed,,"40,000-49,999"
210,12/10/19 13:16,R_1GvQEnqbNMbuIeq,0,1,4,1.44,1,1,1,1,7,7,7,1,1,1,1,1,6,7,7,7,1,7,4,4,4,7,1,7,7,4,7,1,34,Male,White,1,7,1,7,1,Independent,50,Associates degree or technical training,Salaried full-time employee,,"50,000-59,999"
229,12/10/19 13:16,R_xbITFcL2O6gSoZH,0,0,3.17,4.13,2,7,6,6,6,7,7,7,7,7,7,7,7,2,7,4,7,3,4,7,4,4,1,4,7,7,7,7,69,Female,White,4,6,6,6,6,Republican,90,Some College,Self-employed,,"20,000-29,999"
633,12/10/19 13:16,R_2zCHyC1WLjJpU8I,0,0,4.25,3.56,3,4,3,2,6,5,5,3,5,5,4,2,5,3,3,5,5,5,3,3,4,5,4,4,4,2,3,5,31,Male,Black or African American,2.75,6,3,4,2,Independent,41,Associates degree or technical training,Hourly full-time employee,,"100,000-109,999"
118,12/10/19 13:16,R_3gRG0vFPC9X64zf,1,0,4.5,1,1,1,1,1,7,7,7,7,1,1,1,1,7,7,7,7,3,7,7,2,5,7,2,7,6,5,6,1,35,Male,Hispanic or Latino,7,1,7,1,7,Democrat,0,Some College,Hourly full-time employee,,"30,000-39,999"
722,12/10/19 13:16,R_3oYIIbAiQaOojrZ,0,0,3.33,4.25,4,4,4,2,4,4,5,4,6,5,5,6,5,4,4,2,4,3,3,3,3,4,3,4,5,4,5,5,54,Female,White,4,4,4,4,4,Independent,50,4-year college degree,Hourly part-time employee,,"80,000-89,999"
248,12/10/19 13:16,R_3fl7svmjZlPN52t,0,0,2.25,4.5,3,7,7,3,5,3,6,5,5,3,6,7,5,2,5,2,2,2,2,3,2,2,1,3,6,6,5,5,50,Female,White,2,6,2,6,2,Republican,100,4-year college degree,Hourly full-time employee,,"30,000-39,999"
141,12/10/19 13:16,R_RJFRsNFusMSknlL,1,0,3.83,5.06,4,6,6,6,2,3,4,2,6,3,7,7,5,4,5,3,3,5,5,5,2,5,1,7,6,4,5,4,31,Female,White,7,1,7,1,7,Independent,86,4-year college degree,Homemaker,,"90,000-99,999"
155,12/10/19 13:16,R_31pDSXXdsmzx6Cn,0,0,4,1.06,1,1,1,1,7,7,7,7,1,1,1,2,7,7,7,7,3,2,2,3,2,2,5,7,4,4,1,1,37,Male,White,1,7,1,7,1,Democrat,0,4-year college degree,Salaried full-time employee,,"30,000-39,999"
96,12/10/19 13:17,R_26nhUtL9g6w5V3K,1,0,4.92,1.31,1,1,1,1,7,6,6,6,1,1,1,1,7,7,6,6,6,6,5,6,5,6,4,6,6,5,5,1,47,Male,White,2,6,2,6,2,Democrat,17,Highschool diploma or GED,Self-employed,,"40,000-49,999"
401,12/10/19 13:17,R_zeQZU98eBU0vCXT,1,1,3.75,3.81,5,6,3,2,6,5,7,1,7,3,2,3,2,3,7,3,4,7,4,2,2,3,4,5,4,6,1,7,25,Male,White,5.75,2,5,1,5,Democrat,16,4-year college degree,Salaried full-time employee,,"30,000-39,999"
277,12/10/19 13:17,R_3e2bAGDfnxv3S7Z,0,0,2.67,1.06,1,1,1,1,7,7,7,7,1,1,2,1,7,7,7,7,2,2,2,2,1,2,2,2,4,3,5,3,32,Male,Hispanic or Latino,6.5,2,7,2,7,Independent,50,4-year college degree,Hourly full-time employee,,"90,000-99,999"
167,12/10/19 13:17,R_3QEoq1YiM5rXPOQ,1,0,3.92,2.25,2,2,2,2,6,6,2,6,2,2,2,2,6,6,6,6,4,5,4,4,4,4,5,3,5,4,5,4,32,Male,Hispanic or Latino,3.5,5,4,5,4,Independent,31,Associates degree or technical training,Salaried full-time employee,,"40,000-49,999"
109,12/10/19 13:17,R_2ykYgEDBwKwvwLl,0,0,4.33,2.94,2,2,2,2,5,3,6,5,6,3,6,3,6,6,6,6,4,6,5,5,5,4,5,5,5,4,5,5,37,Female,White,3.5,5,4,5,4,Independent,49,4-year college degree,Salaried full-time employee,,"20,000-29,999"
183,12/10/19 13:17,R_2zpwASK8xgQ59gF,0,0,2.33,4.5,4,6,4,4,2,4,4,4,4,7,4,4,6,1,4,4,4,1,2,4,3,1,4,1,7,4,7,6,30,Male,White,4,4,4,4,4,Republican,64,4-year college degree,Salaried full-time employee,,"60,000-69,999"
417,12/10/19 13:17,R_2aVpdzSIaRXBjAW,0,0,3.67,1.19,1,1,1,1,7,7,4,7,1,1,1,1,7,7,7,7,3,5,2,7,2,5,2,5,6,5,6,2,28,Male,White,2,6,2,6,2,Independent,50,Highschool diploma or GED,Not in workforce,,"20,000-29,999"
175,12/10/19 13:17,R_sXWEAM0JsYpFg7D,1,0,3.33,2.06,2,2,4,2,6,6,6,6,2,2,2,2,6,6,7,6,2,5,2,4,2,6,2,5,6,6,4,4,53,Female,White,6,2,6,2,6,Democrat,50,Some College,Self-employed,,"under $20,000"
252,12/10/19 13:17,R_uaWQlXk6ROTy001,0,0,3.5,4.06,2,4,5,2,6,5,1,3,5,4,5,6,5,4,4,4,2,2,5,7,2,2,2,2,2,3,4,5,41,Female,White,3.5,5,5,5,3,Republican,95,Some College,Hourly full-time employee,,"under $20,000"
317,12/10/19 13:17,R_1LcXyNqyZ7pIgVW,0,0,2.58,1.81,2,2,5,1,7,7,7,7,2,3,2,3,7,7,7,6,1,2,3,7,2,3,2,5,7,7,5,7,29,Female,White,5.5,2,5,2,5,Democrat,55,4-year college degree,Salaried full-time employee,,"70,000-79,999"
149,12/10/19 13:17,R_eLNnh3VVNzNSPZf,0,0,4,1.06,1,1,1,1,7,7,6,7,1,1,1,1,7,7,7,7,4,4,4,3,3,5,3,6,5,6,3,2,35,Female,Black or African American,6.5,2,7,1,6,Democrat,0,Associates degree or technical training,Hourly full-time employee,,"50,000-59,999"
310,12/10/19 13:17,R_2zBbEVT7u7n2Koi,1,0,5.08,1.38,1,1,1,1,7,7,7,7,1,7,1,1,7,7,7,7,6,6,5,5,6,6,3,7,5,5,3,2,37,Female,White,3,5,3,6,4,Independent,1,Some College,Salaried full-time employee,,"50,000-59,999"
229,12/10/19 13:17,R_12b9g8Fd0zLszbn,0,0,1.92,3.63,1,5,1,5,3,7,7,7,6,7,6,6,6,3,5,5,2,1,1,4,1,1,2,1,6,4,6,6,41,Male,White,2.5,6,2,5,3,Republican,86,4-year college degree,Salaried full-time employee,,"130,000-139,999"
234,12/10/19 13:18,R_3hhwgOiIgAcnWJm,1,1,4.83,1.69,1,2,1,1,6,6,6,6,2,2,1,2,6,7,6,6,5,6,6,5,4,5,2,6,4,4,3,2,32,Male,White,4.25,5,6,5,5,Democrat,90,4-year college degree,Salaried full-time employee,,"50,000-59,999"
814,12/10/19 13:19,R_3hbEk2DjBbyIdqU,1,0,4.08,1,1,1,1,1,7,7,7,7,1,1,1,1,7,7,7,7,4,4,5,2,4,6,2,5,5,5,3,2,27,Female,Hispanic or Latino,4.25,5,5,3,4,Democrat,20,Some College,Self-employed,,"under $20,000"
216,12/10/19 13:19,R_32RS4tcJihqPZ6J,0,0,4.67,1,1,1,1,1,7,7,7,7,1,1,1,1,7,7,7,7,5,5,4,7,2,5,2,6,4,3,4,1,35,Male,White,3,5,2,3,2,Democrat,10,4-year college degree,Not in workforce,,"under $20,000"
170,12/10/19 13:19,R_31mzZ6n5fs3V0tS,0,0,2.67,2.44,1,2,3,1,6,5,6,5,6,3,2,3,6,6,6,6,5,3,2,2,2,2,2,3,5,6,5,5,36,Male,White,2.25,6,2,5,2,Democrat,39,4-year college degree,Salaried full-time employee,,"40,000-49,999"
165,12/10/19 13:19,R_1kMQzlbMNAPmPdp,1,0,4.92,1,1,1,1,1,7,7,7,7,1,1,1,1,7,7,7,7,6,7,5,4,5,7,4,7,5,5,5,3,26,Male,White,5,3,5,3,5,Democrat,13,4-year college degree,Salaried full-time employee,,"40,000-49,999"
243,12/10/19 13:19,R_1OjAZCYqxibkzw5,1,0,4.58,2.44,2,3,3,3,6,7,6,6,1,3,5,2,4,7,6,5,5,5,4,6,4,5,5,4,4,3,5,3,21,Male,Asian/Pacific Islander,5.5,2,6,3,5,Democrat,14,Some College,Student (not employed),,"70,000-79,999"
264,12/10/19 13:19,R_2EuaPd9eY82hK3N,1,1,5,4,3,4,3,3,3,2,3,4,5,5,5,3,4,5,4,6,4,7,6,5,3,5,5,7,4,3,3,4,24,Female,Black or African American,3.75,6,6,5,4,Republican,98,4-year college degree,Salaried full-time employee,,"50,000-59,999"
96,12/10/19 13:19,R_1kHRIl3bJVZz4AY,1,0,2.75,1.13,1,1,1,1,7,7,7,7,1,1,1,2,7,7,6,7,2,3,3,2,3,2,2,3,7,5,5,2,26,Female,White,2,6,2,5,1,Democrat,22,4-year college degree,Salaried full-time employee,,"50,000-59,999"
56,12/10/19 13:19,R_1hWKcO4NoEm26a8,1,1,3.92,3.81,5,2,6,6,5,3,5,4,4,2,2,5,4,4,4,6,4,5,5,4,4,4,4,5,4,5,5,6,25,Female,Black or African American,4.25,5,6,4,4,Democrat,43,Associates degree or technical training,Hourly full-time employee,,"30,000-39,999"
289,12/10/19 13:19,R_3lE9ktvUYbdM1Ne,0,0,2.25,4.81,1,5,4,6,2,1,7,5,7,7,7,7,5,5,5,1,1,1,1,6,1,1,2,6,6,7,6,5,54,Male,White,6.25,1,6,2,6,Republican,100,Some highschool,Self-employed,,"under $20,000"
184,12/10/19 13:19,R_24pyklmMDExYKCB,0,0,1.5,7,7,7,7,7,1,1,1,1,7,7,7,7,1,1,1,1,1,1,1,7,1,1,1,1,7,7,7,7,45,Male,White,1,7,1,7,1,Republican,54,Some College,Hourly full-time employee,,"40,000-49,999"
493,12/10/19 13:20,R_2TpD2eYDheyPBSj,0,0,2.5,3.19,1,1,1,1,7,7,7,7,4,7,5,7,4,4,2,2,1,1,1,5,1,1,2,1,5,4,5,1,38,Male,White,3.5,6,4,4,4,Democrat,51,Some College,Hourly full-time employee,,"40,000-49,999"
72,12/10/19 13:20,R_xgcOrYyG9Mq30rf,0,0,4.25,2.94,4,4,5,4,4,7,7,1,4,1,4,1,7,4,7,7,4,5,5,4,5,6,5,4,4,6,4,5,35,Male,White,4,1,1,1,1,Independent,50,Highschool diploma or GED,Hourly full-time employee,,"40,000-49,999"
123,12/10/19 13:20,R_28UqA16JJO0tcUR,1,0,2.58,1.56,1,1,1,1,7,6,6,7,1,1,1,1,6,7,1,7,1,2,1,3,1,4,1,1,5,4,3,3,34,Female,White,1,7,1,7,1,Democrat,0,4-year college degree,Salaried full-time employee,,"40,000-49,999"
617,12/10/19 13:20,R_2ZVSqdbj7hRa8r6,0,1,4.42,3.19,4,3,4,6,6,7,3,6,2,7,5,4,7,6,7,6,6,5,6,5,7,6,3,4,7,6,4,4,31,Male,Black or African American,3.25,7,5,7,6,Independent,58,4-year college degree,Salaried full-time employee,,"130,000-139,999"
185,12/10/19 13:20,R_1JDuYrvoJIF7nZh,1,0,5.08,4.81,2,7,6,6,1,5,6,5,6,6,7,5,5,3,5,2,5,6,6,5,5,6,3,7,6,3,3,2,29,Male,White,4,1,1,1,1,Republican,100,4-year college degree,Hourly full-time employee,,"30,000-39,999"
205,12/10/19 13:20,R_2VHZbUtAb6umK09,0,0,4.67,1,1,1,1,1,7,7,7,7,1,1,1,1,7,7,7,7,4,6,3,7,3,6,3,6,4,4,4,2,31,Male,White,2.5,7,1,7,7,Democrat,0,4-year college degree,Salaried full-time employee,,"40,000-49,999"
123,12/10/19 13:20,R_3j7jN7RVI55CZY1,0,0,4.67,1.38,1,1,1,1,7,7,7,7,1,7,1,1,7,7,7,7,6,5,6,2,5,5,2,7,6,4,3,1,29,Male,White,2,6,2,6,2,Democrat,0,4-year college degree,Salaried full-time employee,,"70,000-79,999"
157,12/10/19 13:21,R_Oj4kiDJysBDr6SZ,0,0,4.08,3.44,3,3,4,2,5,5,5,4,4,4,5,4,5,5,5,4,5,4,4,5,4,4,4,4,5,4,4,4,33,Male,Asian/Pacific Islander,3,6,2,2,2,Democrat,31,Some College,Self-employed,,"20,000-29,999"
310,12/10/19 13:21,R_2V8Yrr5yp2ihfrU,1,1,4.5,4.13,3,5,4,4,3,5,4,4,5,5,4,5,4,4,5,4,6,4,6,5,5,6,5,3,4,5,5,4,31,Female,White,5.75,,6,3,4,Independent,60,4-year college degree,Hourly part-time employee,,"50,000-59,999"
210,12/10/19 13:21,R_OpLmMKT0kXaN929,0,0,5.33,1,1,1,1,1,7,7,7,7,1,1,1,1,7,7,7,7,4,5,4,7,4,7,4,7,4,4,1,1,30,Male,White,1,7,1,7,1,Independent,50,Highschool diploma or GED,Hourly full-time employee,,"40,000-49,999"
282,12/10/19 13:21,R_1117fTZTUjHvNZY,1,0,3.5,3.19,4,6,6,6,2,7,7,7,3,6,2,2,7,7,7,4,5,3,2,5,3,2,2,6,4,4,6,4,45,Male,White,5.5,3,5,2,6,Republican,75,4-year college degree,Self-employed,,"70,000-79,999"
736,12/10/19 13:21,R_3qIPmEB2mFprdZ8,1,0,5.67,1,1,1,1,1,7,7,7,7,1,1,1,1,7,7,7,7,7,6,5,6,3,6,5,7,3,2,2,2,28,Female,White,3,5,3,5,3,Democrat,0,Associates degree or technical training,Hourly full-time employee,,"under $20,000"
102,12/10/19 13:22,R_3LYHfAT2oFCiMEz,1,1,5.17,4.06,5,6,7,6,7,5,5,7,7,6,6,6,5,5,7,7,7,6,7,6,5,6,7,7,5,5,6,5,28,Female,White,4.25,7,6,5,7,Republican,77,Master's degree,Salaried full-time employee,,"70,000-79,999"
78,12/10/19 13:22,R_3iDaCNSNG8gX5XE,0,0,4.67,1,1,1,1,1,7,7,7,7,1,1,1,1,7,7,7,7,5,6,4,6,4,6,4,7,5,6,6,1,30,Female,White,1,7,1,7,1,Democrat,0,Master's degree,Salaried full-time employee,,"60,000-69,999"
203,12/10/19 13:22,R_W26Eqefg9kLnTax,0,0,3.42,1,1,1,1,1,7,7,7,7,1,1,1,1,7,7,7,7,1,7,1,2,1,7,1,7,7,7,3,1,29,Male,White,2.25,6,3,6,2,Democrat,0,Some College,Salaried full-time employee,,"20,000-29,999"
39,12/10/19 13:22,R_xr5g9OEGcUbDXRD,0,0,4.67,3.25,1,1,1,1,6,3,6,1,2,1,1,6,1,1,6,2,4,7,2,5,1,4,4,6,1,1,3,4,26,Male,White,3.5,2,1,2,1,Independent,34,4-year college degree,Salaried full-time employee,,"60,000-69,999"
77,12/10/19 13:22,R_2SpoXOju0MQ0hYD,1,1,4.42,3.75,4,4,5,5,6,4,4,4,5,4,5,4,5,5,6,6,5,6,4,6,5,3,5,6,4,5,5,5,36,Female,White,4.5,4,6,5,5,Republican,100,Some College,Salaried full-time employee,,"60,000-69,999"
436,12/10/19 13:22,R_eX3LzOvyEBFXVmh,0,0,2,1.31,1,1,2,1,7,5,7,6,2,1,1,1,7,7,7,7,1,2,1,4,1,1,1,2,6,5,5,5,29,Female,White,1.5,6,2,7,1,Democrat,21,Associates degree or technical training,Hourly full-time employee,,"50,000-59,999"
208,12/10/19 13:23,R_1QAfgYSCtIs7dTa,1,1,4.17,4.19,3,4,4,6,5,3,5,3,6,6,4,5,7,3,6,3,6,4,5,3,3,4,5,5,6,3,3,5,28,Male,White,4.25,3,6,6,4,Republican,32,Master's degree,Salaried full-time employee,,"30,000-39,999"
276,12/10/19 13:23,R_2Y9OANtUYRad2th,0,0,2.83,4.75,5,4,5,3,3,4,5,3,6,7,6,7,6,4,3,3,3,4,1,4,2,3,3,4,6,5,5,6,59,Female,White,1,7,1,7,1,Independent,50,Associates degree or technical training,Salaried full-time employee,,"40,000-49,999"
1010,12/10/19 13:23,R_30v0j3scsVMy4mf,1,1,4.17,1.31,1,2,1,1,7,6,7,7,1,2,1,1,6,7,6,7,5,5,3,5,3,6,3,6,6,5,5,2,31,Male,Black or African American,5.75,3,6,2,6,Democrat,40,Some College,Not in workforce,,"30,000-39,999"
229,12/10/19 13:24,R_1KUnTemcYSGQmZ3,0,0,3.5,1.56,1,1,1,1,7,7,7,7,3,4,1,3,7,7,7,5,5,4,3,3,4,4,2,6,6,5,6,4,28,Male,White,4,3,4,3,2,Democrat,13,Associates degree or technical training,Hourly full-time employee,,"30,000-39,999"
145,12/10/19 13:24,R_3k87nNAHykQGKhu,1,0,4.5,3.5,4,4,1,4,5,5,4,4,4,1,4,4,4,4,4,4,5,4,4,4,4,4,4,6,4,4,4,1,35,Male,White,3.25,7,4,4,4,Republican,54,Highschool diploma or GED,Hourly full-time employee,,"under $20,000"
439,12/10/19 13:24,R_1jrfqd7S03hGDrg,1,0,3.08,1,1,1,1,1,7,7,7,7,1,1,1,1,7,7,7,7,4,4,2,2,1,4,4,4,6,4,6,4,38,Female,White,3,6,3,5,4,Independent,50,Some College,Salaried full-time employee,,"20,000-29,999"
116,12/10/19 13:24,R_29m1iuRxId8PpVo,1,1,4.58,4.06,7,5,7,5,7,6,6,5,6,6,7,6,7,6,5,6,6,5,6,7,6,4,7,5,7,4,6,6,27,Male,White,4.25,6,5,5,7,Democrat,68,4-year college degree,Salaried full-time employee,,"70,000-79,999"
223,12/10/19 13:24,R_pS4YEhuWGNOkMw1,0,0,3.75,1,1,1,1,1,7,7,7,7,1,1,1,1,7,7,7,7,3,5,2,5,2,6,2,6,6,5,5,2,67,Female,White,4.5,5,5,3,5,Democrat,30,Highschool diploma or GED,Self-employed,,"30,000-39,999"
544,12/10/19 13:25,R_Bt7tXaPEAhAgBtD,1,1,4.25,3.81,1,3,6,1,6,4,1,3,6,5,1,6,7,4,5,2,5,4,7,4,4,3,3,6,7,2,5,3,27,Male,White,6,2,6,1,5,Democrat,23,4-year college degree,Salaried full-time employee,,"40,000-49,999"
168,12/10/19 13:25,R_1fkkVNWqqVVEJmM,0,0,4,1.13,1,1,1,1,7,7,7,6,1,1,2,1,7,7,7,7,4,4,4,4,4,4,4,4,4,4,4,4,29,Female,White,2,6,2,6,2,Democrat,22,Master's degree,Salaried full-time employee,,"60,000-69,999"
126,12/10/19 13:25,R_1IloVIPqor1YmC5,0,0,3.25,1.56,1,2,2,1,6,7,7,7,2,3,3,2,7,7,7,7,3,3,2,4,2,4,1,6,5,6,4,3,32,Male,White,1.25,7,1,7,2,Democrat,13,4-year college degree,Hourly full-time employee,,"60,000-69,999"
344,12/10/19 13:25,R_2eXWp4zbx3NDCDX,1,1,4.08,4.06,3,4,3,3,4,4,3,4,4,4,5,3,3,4,3,3,4,4,4,4,3,3,4,4,3,3,3,4,29,Female,White,4.25,4,4,4,5,Democrat,83,4-year college degree,Salaried full-time employee,,"70,000-79,999"
181,12/10/19 13:25,R_1UfYXpeW0A82HMB,1,0,3.75,1.06,1,1,1,1,7,7,7,6,1,1,1,1,7,7,7,7,3,3,2,5,2,3,3,5,2,2,6,3,41,Male,White,4.25,4,3,3,5,Democrat,29,4-year college degree,Salaried full-time employee,,"50,000-59,999"
250,12/10/19 13:25,R_2tDMuXtDlv6EAxg,1,0,4.75,1.44,1,1,1,2,7,7,1,7,1,1,1,1,7,7,7,7,7,7,5,5,2,7,1,7,7,4,4,1,57,Female,White,4,4,4,4,4,Democrat,7,Highschool diploma or GED,Hourly full-time employee,,"under $20,000"
244,12/10/19 13:25,R_1MYUfJPoChuVgke,0,0,5,3.38,5,6,5,2,6,7,1,6,4,2,6,1,7,6,3,5,5,7,6,4,7,6,7,6,5,5,5,5,38,Male,White,4.25,5,3,2,5,Republican,78,4-year college degree,Salaried full-time employee,,"50,000-59,999"
264,12/10/19 13:26,R_3PRCZvsxukmxfFw,0,0,1.5,1,1,1,1,1,7,7,7,7,1,1,1,1,7,7,7,7,1,1,1,7,1,1,1,1,7,7,7,7,42,Male,White,1,7,1,7,1,Independent,51,Highschool diploma or GED,Hourly full-time employee,,"30,000-39,999"
91,12/10/19 13:26,R_111sSeNXdtnLP7x,0,0,3.92,2.31,2,2,2,2,6,5,6,6,2,2,3,3,6,6,4,6,3,5,4,4,2,5,5,5,4,4,5,5,27,Male,White,3.5,5,3,4,4,Democrat,17,Master's degree,Salaried full-time employee,,"120,000-129,999"
115,12/10/19 13:26,R_23VkOYNCU7jb009,1,1,4.5,4.38,6,5,6,5,5,5,6,6,6,6,6,6,5,6,5,2,6,6,4,6,4,5,6,6,6,5,6,4,28,Male,White,4,4,4,4,4,Independent,50,Highschool diploma or GED,Hourly full-time employee,,"30,000-39,999"
298,12/10/19 13:26,R_BJLuoxb4ToHyuHv,0,0,3.33,1.06,1,1,1,2,7,7,7,7,1,1,1,1,7,7,7,7,2,3,1,4,1,4,1,7,6,6,2,1,34,Male,White,1.75,6,1,6,2,Democrat,9,4-year college degree,Salaried full-time employee,,"90,000-99,999"
69,12/10/19 13:26,R_2pWvbVFgSgpdfEP,0,0,3.75,4.06,6,2,4,5,3,6,6,7,3,4,6,6,1,2,7,3,2,3,3,6,6,2,2,4,3,5,5,2,22,Other,Hispanic or Latino,3.75,4,3,5,5,Democrat,18,Some College,Salaried full-time employee,,"40,000-49,999"
184,12/10/19 13:27,R_3KKYGQz3UEotfJD,0,0,2.83,1.31,1,2,1,1,7,6,7,7,2,1,1,2,7,7,7,6,3,3,2,2,1,3,2,3,5,4,4,4,36,Male,White,1.25,7,1,6,1,Democrat,15,4-year college degree,Hourly full-time employee,,"under $20,000"
431,12/10/19 13:27,R_2TMFtXLBVTthUbS,1,0,3.75,2.75,3,3,3,2,6,6,5,6,3,3,3,4,5,5,5,6,5,5,3,5,3,5,3,4,6,5,5,4,24,Female,Asian/Pacific Islander,5.25,3,5,3,6,Independent,54,4-year college degree,Salaried full-time employee,,"20,000-29,999"
188,12/10/19 13:27,R_3pg4VKFadhIGYCZ,1,1,4.83,3.94,6,6,5,7,5,7,6,7,7,6,6,5,6,6,6,6,7,6,6,6,7,5,6,5,5,6,6,5,28,Male,Hispanic or Latino,4.5,6,7,5,6,Independent,82,4-year college degree,Salaried full-time employee,,"under $20,000"
99,12/10/19 13:28,R_1f9OBupybo2K8iS,1,0,6.83,5.38,6,6,6,7,1,1,7,1,7,7,7,7,7,6,7,1,7,7,7,6,7,7,6,7,1,1,1,1,24,Male,White,7,1,7,1,7,Democrat,0,4-year college degree,Salaried full-time employee,,"50,000-59,999"
273,12/10/19 13:28,R_2SiqupHjuMxwV3y,1,0,4.42,1,1,1,1,1,7,7,7,7,1,1,1,1,7,7,7,7,6,5,3,3,2,5,3,6,4,3,3,2,29,Male,White,2.25,6,3,6,2,Democrat,35,Some College,Hourly full-time employee,,"70,000-79,999"
133,12/10/19 13:28,R_2t9whDsUHaWV2ob,1,1,2.92,4.31,3,6,3,1,5,2,2,7,6,5,5,5,5,3,4,1,2,3,3,3,5,3,4,2,4,4,7,7,42,Male,White,3.75,5,4,4,4,Democrat,24,4-year college degree,Salaried full-time employee,,"50,000-59,999"
145,12/10/19 13:28,R_2CD7daLOUvtCxfz,1,0,3.92,1,1,1,1,1,7,7,7,7,1,1,1,1,7,7,7,7,5,4,3,6,2,4,1,5,6,4,4,1,28,Male,Black or African American,6.75,2,7,1,7,Independent,48,4-year college degree,Salaried full-time employee,,"90,000-99,999"
152,12/10/19 13:29,R_V57yBPIuzp1JUdj,0,0,2.67,2.63,2,2,3,2,5,6,6,6,3,3,3,3,6,5,4,5,3,2,2,5,2,2,2,2,5,5,5,5,39,Male,White,5,3,5,3,5,Independent,50,4-year college degree,Salaried full-time employee,,"30,000-39,999"
257,12/10/19 13:29,R_2CrCmRepjFVgeVS,1,0,3.58,1.06,1,1,1,1,7,7,6,7,1,1,1,1,7,7,7,7,5,7,1,6,5,7,1,5,7,6,6,7,32,Female,White,1,7,1,7,1,Independent,50,Some College,Hourly part-time employee,,"40,000-49,999"
140,12/10/19 13:29,R_yUxUgo8CQI8odsB,1,0,4.58,4.5,4,4,6,7,3,4,4,4,5,5,7,7,4,4,7,7,7,7,4,4,5,7,7,7,7,7,4,7,33,Female,Black or African American,4,7,7,7,7,Independent,50,Associates degree or technical training,Hourly full-time employee,,"90,000-99,999"
144,12/10/19 13:29,R_3dQB8bdi4WuO5W3,1,0,3.92,1,1,1,1,1,7,7,7,7,1,1,1,1,7,7,7,7,2,4,2,5,3,6,2,5,5,5,2,2,35,Male,White,3.5,4,4,5,3,Democrat,5,Some College,Hourly full-time employee,,"30,000-39,999"
387,12/10/19 13:29,R_3L0I5oUZferriee,1,0,3.75,1,1,1,1,1,7,7,7,7,1,1,1,1,7,7,7,7,7,4,1,1,1,4,1,4,1,4,4,1,36,Male,White,1,7,1,7,1,Democrat,0,4-year college degree,Hourly full-time employee,,"40,000-49,999"
443,12/10/19 13:30,R_2CIjWpn2zVavGxQ,0,0,3.92,4.13,6,5,7,6,4,7,6,5,7,4,4,7,4,5,6,7,6,1,6,6,1,4,5,6,5,5,4,6,39,Male,White,1.5,7,2,6,1,Republican,100,4-year college degree,Hourly full-time employee,,"70,000-79,999"
131,12/10/19 13:30,R_1hRatN3AnwApE8g,0,0,3.17,1,1,1,1,1,7,7,7,7,1,1,1,1,7,7,7,7,2,1,1,3,1,5,3,7,6,6,4,1,32,Male,White,2.75,5,2,5,3,Democrat,9,4-year college degree,Self-employed,,"30,000-39,999"
250,12/10/19 13:30,R_3fqqC5OGLq4S8MF,1,0,3.75,1.81,1,1,1,2,7,7,6,1,2,2,1,1,7,6,6,6,3,4,4,4,4,4,3,5,5,4,5,4,56,Female,White,5,2,7,6,5,Democrat,21,Highschool diploma or GED,Hourly part-time employee,,"70,000-79,999"
220,12/10/19 13:30,R_1mWsCWizyMYIknP,1,0,4.5,1,1,1,1,1,7,7,7,7,1,1,1,1,7,7,7,7,4,5,5,6,5,5,2,5,5,5,4,1,45,Female,White,2.75,5,4,5,1,Democrat,0,4-year college degree,Salaried full-time employee,,"50,000-59,999"
1320,12/10/19 13:31,R_3egmff2Yahzn7OX,0,0,2,1.06,1,1,1,1,6,7,7,7,1,1,1,1,7,7,7,7,1,2,1,1,2,1,1,1,6,2,4,6,31,Male,White,1,7,1,7,1,Democrat,0,4-year college degree,Salaried full-time employee,,"110,000-119,999"
178,12/10/19 13:32,R_ST46KaA76GeNznH,0,0,2.25,2.06,1,1,1,2,7,7,7,5,1,6,2,6,6,6,7,6,1,1,1,6,2,1,2,2,6,7,6,2,33,Female,White,4.25,3,5,6,5,Democrat,40,4-year college degree,Homemaker,,"140,000-149,999"
324,12/10/19 13:32,R_2D63fm3Km0mJnOW,1,0,4.25,1.69,1,1,1,1,7,5,5,6,1,1,1,4,7,7,7,4,5,7,6,6,2,7,1,7,7,7,7,1,45,Male,White,4.5,4,5,4,5,Independent,49,Associates degree or technical training,Hourly part-time employee,,"60,000-69,999"
181,12/10/19 13:32,R_1CDfc0VazV3wIrg,0,0,3.42,1.19,1,1,1,1,7,4,7,7,1,1,1,1,7,7,7,7,1,1,2,7,1,2,4,5,4,4,4,2,25,Male,Black or African American,3.5,6,4,4,4,Democrat,37,4-year college degree,Salaried full-time employee,,"80,000-89,999"
261,12/10/19 13:32,R_3HIGXSX3nNO5nqN,0,0,3.58,1.25,1,1,1,1,7,7,7,7,1,2,2,1,7,6,6,7,4,4,2,3,3,5,1,5,6,6,2,2,40,Female,White,5,3,5,2,4,Democrat,5,4-year college degree,Hourly part-time employee,,"100,000-109,999"
730,12/10/19 13:32,R_1MKjhf8QjlZ39OP,0,0,4.42,1,1,1,1,1,7,7,7,7,1,1,1,1,7,7,7,7,4,5,4,6,3,5,3,6,5,5,3,2,23,Female,White,2,6,2,6,2,Democrat,10,Associates degree or technical training,Hourly full-time employee,,"40,000-49,999"
86,12/10/19 13:33,R_3HMjERrubhmzZcJ,1,0,3.75,1,1,1,1,1,7,7,7,7,1,1,1,1,7,7,7,7,3,2,2,4,1,5,1,7,4,4,3,1,25,Female,White,1.5,7,2,7,2,Democrat,4,4-year college degree,Hourly full-time employee,,"30,000-39,999"
278,12/10/19 13:33,R_6GrOuXFKEr3Rf45,0,0,4.33,1,1,1,1,1,7,7,7,7,1,1,1,1,7,7,7,7,5,5,4,4,5,5,2,6,5,5,4,2,38,Male,Black or African American,5,3,5,3,5,Independent,52,Highschool diploma or GED,Salaried full-time employee,,"60,000-69,999"
505,12/10/19 13:34,R_3fj8uijdi7m5MXj,1,1,4.5,5.19,5,6,6,5,3,5,1,3,5,6,1,5,3,2,2,1,6,5,6,3,5,4,3,6,5,5,5,1,25,Male,Hispanic or Latino,7,1,7,1,7,Democrat,7,4-year college degree,Salaried full-time employee,,"30,000-39,999"
667,12/10/19 13:34,R_2CQbyBvmelD5Rws,1,0,4.75,1.44,1,1,1,1,7,7,7,7,1,7,1,2,7,7,7,7,3,6,6,6,5,7,2,7,6,3,6,2,41,Male,White,5,3,5,3,5,Democrat,25,4-year college degree,Hourly full-time employee,,"20,000-29,999"
321,12/10/19 13:34,R_ezWR14ljZrc4sox,0,0,3.5,1.75,1,1,7,1,7,7,7,7,7,1,1,1,7,7,7,7,7,1,1,7,1,7,1,7,7,7,7,1,31,Male,White,7,1,7,1,7,Democrat,100,4-year college degree,Salaried full-time employee,,"90,000-99,999"
250,12/10/19 13:34,R_ZkGWMqVxqXMbHmp,0,0,3.17,1,1,1,1,1,7,7,7,7,1,1,1,1,7,7,7,7,2,2,2,2,2,2,2,2,2,2,4,2,33,Male,White,2,7,3,7,3,Democrat,0,Highschool diploma or GED,Hourly full-time employee,,"150,000+"
642,12/10/19 13:34,R_1pFDQO6QwOuYZSF,1,1,4.5,2,2,2,2,2,6,6,6,6,2,2,2,2,6,6,6,6,5,5,5,6,5,4,2,5,5,5,3,2,26,Male,White,2,6,2,6,2,Independent,28,Some College,Hourly full-time employee,,"30,000-39,999"
107,12/10/19 13:35,R_2rJIjRMWu55R4zV,1,0,4.17,3.94,3,3,3,4,3,4,4,5,3,5,4,5,4,3,3,5,3,5,4,3,4,4,5,4,3,3,3,5,26,Female,Asian/Pacific Islander,3.75,5,3,3,4,Democrat,17,Some College,Hourly full-time employee,,"50,000-59,999"
133,12/10/19 13:35,R_UYj3eTqT0cZWDUR,1,0,4.42,5.31,5,5,7,6,4,4,4,2,7,6,6,6,4,4,3,2,5,6,5,4,5,4,4,4,4,4,4,4,30,Male,White,6.75,1,7,1,6,Democrat,40,4-year college degree,Salaried full-time employee,,"150,000+"
326,12/10/19 13:36,R_10wt8VII3qn6Z5v,1,0,5.58,2.88,3,3,3,5,5,7,7,5,3,5,3,5,7,7,7,3,7,7,7,2,5,5,4,7,3,2,2,2,30,Male,Black or African American,7,1,7,1,7,Democrat,0,Some College,Hourly full-time employee,,"70,000-79,999"
731,12/10/19 13:36,R_1OIUo3LelCgrdyr,1,0,3.17,2.63,2,2,2,2,6,5,2,6,2,2,4,3,7,5,6,4,3,2,2,3,2,3,2,5,5,3,4,4,31,Female,Asian/Pacific Islander,5,3,5,3,5,Independent,41,4-year college degree,Hourly full-time employee,,"40,000-49,999"
207,12/10/19 13:37,R_1poIvL46XVp6Twr,0,0,3.58,1.38,1,7,1,1,7,7,7,7,1,1,1,1,7,7,7,7,3,3,3,3,2,3,3,6,5,5,3,2,31,Male,White,3,5,3,5,3,Independent,50,4-year college degree,Hourly full-time employee,,"40,000-49,999"
722,12/10/19 13:37,R_6KIJpN1adWwYh45,1,1,2.58,1,1,1,1,1,7,7,7,7,1,1,1,1,7,7,7,7,2,1,1,5,1,1,1,5,6,6,5,1,43,Female,White,4.25,5,5,5,6,Democrat,28,Highschool diploma or GED,Hourly full-time employee,,"60,000-69,999"
187,12/10/19 13:37,R_1NmN2z4FjlM6zjo,1,0,4,1,1,1,1,1,7,7,7,7,1,1,1,1,7,7,7,7,5,5,2,5,2,5,2,6,6,6,2,2,44,Female,White,2.5,5,3,6,2,Democrat,39,4-year college degree,Salaried full-time employee,,"50,000-59,999"
319,12/10/19 13:38,R_PArbfupO6nYwvv3,0,0,3.5,1.94,3,2,3,3,7,2,6,6,1,1,1,1,7,7,7,6,4,3,3,6,3,4,3,5,6,6,5,4,36,Female,White,2.5,6,3,6,3,Independent,50,Highschool diploma or GED,Self-employed,,"60,000-69,999"
139,12/10/19 13:38,R_dm2JD45s1mskrdL,1,1,4.33,4.13,6,6,6,6,6,6,5,5,5,5,6,7,6,6,5,6,6,5,5,5,5,5,5,7,5,6,6,6,28,Female,White,3.75,6,5,5,5,Democrat,5,4-year college degree,Salaried full-time employee,,"40,000-49,999"
158,12/10/19 13:38,R_2R3S5D0WzE9bWXG,1,0,6.42,1.31,1,2,2,2,7,6,7,6,1,1,1,1,7,7,7,7,7,7,7,7,7,7,5,7,3,3,2,1,34,Male,Black or African American,1,7,1,7,1,Democrat,45,Some College,Salaried full-time employee,,"40,000-49,999"
92,12/10/19 13:39,R_1FaeeBDY80mrnmb,0,0,1.33,3.38,4,4,4,4,4,4,6,4,3,3,4,4,6,6,6,4,1,1,1,1,1,1,1,1,6,6,6,6,36,Male,White,5,3,5,3,5,Independent,49,4-year college degree,Salaried full-time employee,,"50,000-59,999"
172,12/10/19 13:39,R_3p3lSWbzFscKEJJ,0,0,4.33,3.94,2,3,4,5,4,3,5,4,4,4,3,5,4,3,4,4,4,5,4,2,4,4,5,5,2,5,3,3,34,Male,White,4.25,3,4,4,4,Republican,41,Some College,Hourly part-time employee,,"130,000-139,999"
313,12/10/19 13:40,R_UfR4HvAi9vXVeg1,0,0,2.83,2.63,2,5,5,2,4,5,7,5,3,3,3,2,7,6,7,6,2,1,3,3,1,3,3,5,5,5,5,4,23,Male,White,4,2,2,2,2,Independent,50,4-year college degree,Salaried full-time employee,,"120,000-129,999"
225,12/10/19 13:40,R_1LZhzbZru626MN2,1,0,2.42,1.75,2,2,2,2,6,6,7,6,2,2,3,2,7,7,7,7,3,2,3,3,3,2,2,3,6,6,6,6,53,Male,Other,5,3,5,3,5,Republican,50,Master's degree,Self-employed,,"30,000-39,999"
425,12/10/19 13:41,R_0dougoINN6eEja9,1,0,3.92,1,1,1,1,1,7,7,7,7,1,1,1,1,7,7,7,7,4,4,4,2,4,4,2,7,7,4,4,1,32,Male,Hispanic or Latino,2.75,7,4,4,2,Democrat,11,Some College,Hourly full-time employee,,"30,000-39,999"
255,12/10/19 13:42,R_1MQAyih2gSIpXuK,1,0,3.83,1,1,1,1,1,7,7,7,7,1,1,1,1,7,7,7,7,5,4,5,3,3,5,2,5,6,6,3,3,50,Female,Black or African American,6,2,6,2,6,Independent,50,4-year college degree,Self-employed,,"40,000-49,999"
62,12/10/19 13:42,R_3p0iAglS10aNoSZ,1,0,4.08,4.38,5,6,5,5,3,6,5,6,5,7,5,6,6,6,3,3,5,5,5,6,5,6,3,2,5,5,3,7,30,Male,White,3.25,4,4,6,3,Independent,50,Associates degree or technical training,Hourly full-time employee,,"40,000-49,999"
232,12/10/19 13:42,R_32Qum8B1rIqp3Pk,1,0,5.92,1.94,1,1,1,2,7,6,6,2,1,2,1,2,5,6,6,6,6,6,6,6,6,6,6,7,2,2,4,2,38,Male,Hispanic or Latino,5.25,2,4,2,5,Democrat,38,Some College,Self-employed,,"40,000-49,999"
130,12/10/19 13:42,R_VQKxk5413DqqBHP,1,0,4.92,3.06,5,3,3,3,6,7,3,5,3,3,6,3,6,5,6,6,6,6,5,6,5,6,5,6,5,5,3,5,31,Male,White,2.5,6,3,6,3,Independent,50,Highschool diploma or GED,Hourly part-time employee,,"under $20,000"
2178,12/10/19 13:43,R_9Esy0QiBGpjYQdX,0,0,4.25,1.25,5,1,1,1,7,7,7,7,1,1,1,1,7,7,7,7,5,2,1,6,2,6,4,5,4,1,6,1,36,Male,Asian/Pacific Islander,4.25,6,5,4,6,Independent,0,4-year college degree,Salaried full-time employee,,"150,000+"
132,12/10/19 13:43,R_3KJ7hbsFyyB7R42,0,1,4.58,4.06,7,5,6,6,5,6,7,5,6,6,6,6,6,6,6,6,6,6,5,6,6,6,5,6,6,5,6,6,25,Female,Black or African American,4.25,6,6,5,6,Democrat,7,Some College,Salaried full-time employee,,"60,000-69,999"
703,12/10/19 13:44,R_2DUJAU4LYlmH390,0,0,1.5,1,1,1,1,1,7,7,7,7,1,1,1,1,7,7,7,7,1,1,1,1,1,1,1,1,6,7,7,2,39,Female,White,6.25,2,6,1,6,Democrat,0,4-year college degree,Salaried full-time employee,,"50,000-59,999"
485,12/10/19 13:44,R_0pmTlQVMoa5vyEh,1,1,4.83,1.88,1,1,1,2,7,5,7,6,1,1,1,1,6,1,6,5,6,5,5,6,5,6,5,6,3,4,5,6,30,Female,White,4.5,5,6,5,6,Republican,73,Some College,Salaried full-time employee,,"40,000-49,999"
137,12/10/19 13:44,R_2dtFIpsMSWr08fS,1,0,3.58,1.5,1,1,1,1,6,6,6,6,1,1,1,1,6,6,6,6,3,5,3,3,3,6,3,5,6,6,5,3,33,Male,White,4,4,4,4,4,Democrat,66,Highschool diploma or GED,Hourly full-time employee,,"70,000-79,999"
511,12/10/19 13:44,R_3Rr9AsLKX8aWiHi,1,0,4.83,1,1,1,1,1,7,7,7,7,1,1,1,1,7,7,7,7,4,6,4,5,6,6,2,6,5,3,3,2,30,Female,White,5.5,3,6,3,6,Democrat,8,4-year college degree,Hourly full-time employee,,"80,000-89,999"
1180,12/10/19 13:45,R_3J9JLc2gR4rBl2i,0,1,4.92,1.44,1,1,1,1,7,1,6,7,1,1,1,1,7,7,7,7,6,7,5,5,6,5,6,7,6,5,4,5,35,Male,White,5.75,2,5,2,6,Democrat,34,4-year college degree,Hourly part-time employee,,"70,000-79,999"
121,12/10/19 13:45,R_sTG85J0eOYiLKsV,1,1,4,1,1,1,1,1,7,7,7,7,1,1,1,1,7,7,7,7,7,7,2,6,4,7,2,4,6,6,7,4,28,Male,Black or African American,7,1,7,1,7,Independent,50,Some College,Salaried full-time employee,,"60,000-69,999"
126,12/10/19 13:46,R_30vmaJtncMbqQia,1,0,4,1.75,1,1,1,1,7,7,7,1,7,1,1,1,7,7,7,7,4,4,4,4,4,4,4,4,4,4,4,4,31,Female,White,7,1,7,1,7,Independent,43,Associates degree or technical training,Salaried full-time employee,,"40,000-49,999"
86,12/10/19 13:47,R_1jvqCaFNYBnnREe,1,1,4.42,4.06,5,5,6,5,5,5,4,6,5,5,5,5,5,5,5,5,5,6,5,5,5,5,5,5,5,5,5,5,34,Female,White,4,5,5,5,5,Republican,21,4-year college degree,Salaried full-time employee,,"90,000-99,999"
311,12/10/19 13:47,R_3fNWEUj9yW9nvd9,1,0,4.67,2.25,2,2,2,2,6,6,6,6,2,2,6,2,6,6,6,6,6,6,5,5,5,6,2,6,6,6,3,2,52,Female,White,6,2,6,2,6,Democrat,30,Some College,Salaried full-time employee,,"30,000-39,999"
138,12/10/19 13:48,R_2ahO6Hzgkqmivcl,0,0,3.67,1.31,1,2,2,1,7,7,7,7,1,2,2,1,7,7,6,7,4,5,2,3,2,6,1,6,6,5,4,2,25,Female,White,2.75,6,3,5,3,Democrat,10,Some College,Self-employed,,"70,000-79,999"
406,12/10/19 13:48,R_2OPaTyYKYlwbt6O,0,0,4,1.25,1,2,1,2,7,7,7,7,2,1,1,2,7,7,7,7,3,4,3,3,3,3,3,7,3,3,3,4,44,Male,White,7,1,7,1,7,Democrat,9,4-year college degree,Salaried full-time employee,,"120,000-129,999"
182,12/10/19 13:49,R_3G3NQCym6SIogZH,1,1,4.58,1.75,1,1,1,1,7,7,7,1,7,1,1,1,7,7,7,7,5,6,6,5,6,6,5,5,5,5,6,5,30,Male,Hispanic or Latino,4,6,6,6,6,Republican,92,Associates degree or technical training,Salaried full-time employee,,"60,000-69,999"
246,12/10/19 13:49,R_2S83Zsww1xPGA0L,0,0,3.08,3.25,1,2,6,1,5,7,1,3,6,2,3,5,5,7,5,5,2,2,2,5,2,5,2,2,5,2,5,5,22,Male,White,2.25,6,3,6,2,Republican,40,Some College,Hourly part-time employee,,"150,000+"
130,12/10/19 13:51,R_31N2xU3SxKSWb4E,1,0,2.5,4.69,2,7,7,5,3,7,5,7,7,6,6,7,5,5,2,2,3,2,2,4,2,2,2,2,6,6,5,4,41,Female,White,4.5,5,5,3,5,Republican,70,Highschool diploma or GED,Salaried full-time employee,,"100,000-109,999"
90,12/10/19 13:52,R_1KqeqgEzwwP5TdZ,0,0,4,3.69,3,2,2,6,3,5,3,3,2,6,3,2,5,6,3,3,3,3,2,3,5,2,5,5,3,3,3,3,26,Male,White,5.75,2,6,2,5,Republican,96,Some College,Salaried full-time employee,,"20,000-29,999"
153,12/10/19 13:52,R_2Yh0C5Nvmh7tP3I,1,0,5,1,1,1,1,1,7,7,7,7,1,1,1,1,7,7,7,7,4,7,7,7,7,7,1,7,7,7,4,1,40,Female,White,1,7,1,7,1,Independent,20,Master's degree,Hourly full-time employee,,"20,000-29,999"
188,12/10/19 13:52,R_3DeHAYIMxci8Lxa,0,0,3.08,4.13,3,5,5,5,5,5,5,5,5,5,5,5,6,3,4,3,3,3,3,3,3,3,3,3,5,5,5,4,46,Female,White,3.5,5,4,5,4,Republican,87,4-year college degree,Salaried full-time employee,,"70,000-79,999"
170,12/10/19 13:53,R_PTZ44Bx5zANckHT,1,0,5.42,1.44,1,1,2,1,6,7,7,7,1,4,1,1,7,6,6,7,6,5,6,5,7,4,4,7,5,3,1,2,25,Male,Hispanic or Latino,4,5,4,3,4,Independent,50,Highschool diploma or GED,Salaried full-time employee,,"20,000-29,999"
250,12/10/19 13:54,R_3IurozclKdMxKlX,0,0,3.42,1.5,2,2,2,2,7,7,7,7,2,1,2,2,7,6,7,7,3,3,3,5,3,3,2,4,6,5,2,4,57,Male,White,2,6,2,6,2,Independent,71,Some College,Unemployed/looking for work,,"40,000-49,999"
263,12/10/19 13:55,R_YPLl2yxi4lbdYfD,0,0,3.25,1.63,1,1,3,1,7,6,1,6,1,1,1,1,7,7,7,7,2,3,2,4,3,2,2,6,6,6,3,2,35,Female,White,1.25,6,1,7,1,Republican,36,Some College,Homemaker,,"50,000-59,999"
236,12/10/19 13:55,R_3g2asM5QcduGJ62,1,0,3.75,1,1,1,1,1,7,7,7,7,1,1,1,1,7,7,7,7,5,5,3,3,2,5,1,6,5,4,5,3,45,Female,Black or African American,5.5,2,5,2,5,Democrat,0,4-year college degree,Self-employed,,"60,000-69,999"
2088,12/10/19 13:57,R_3j25dkCiA98C9DH,1,1,3.92,4.56,4,2,4,5,3,5,1,5,1,5,7,4,3,1,2,3,4,5,7,4,2,5,2,3,5,5,5,2,29,Male,White,3,3,5,7,1,Democrat,0,4-year college degree,Salaried full-time employee,,"60,000-69,999"
252,12/10/19 13:57,R_2SBUB2udSkedULO,1,0,5.17,1,1,1,1,1,7,7,7,7,1,1,1,1,7,7,7,7,3,6,6,6,6,5,2,7,6,2,2,1,51,Male,White,2.5,6,3,6,3,Independent,0,Associates degree or technical training,Salaried full-time employee,,"60,000-69,999"
166,12/10/19 13:57,R_5j0YFh35m6VzJwR,0,0,2.83,4.19,2,5,5,2,6,5,7,3,5,5,6,5,3,2,3,3,3,2,3,3,2,4,3,3,6,3,6,6,32,Female,White,7,1,7,1,7,Republican,83,Associates degree or technical training,Homemaker,,"50,000-59,999"
212,12/10/19 13:58,R_2zTruZ2uHv0Vx2a,0,0,2.08,2.19,1,1,1,1,7,7,7,7,3,5,2,4,7,1,7,4,2,2,1,3,1,2,2,2,6,5,6,5,70,Male,White,3,5,4,6,3,Independent,60,4-year college degree,Not in workforce,,"30,000-39,999"
130,12/10/19 13:58,R_1lbjYPcxDwygAVT,1,0,4.58,3.69,5,7,6,7,7,6,7,7,5,5,6,7,7,5,7,7,6,6,7,5,7,6,6,5,6,5,7,7,29,Male,White,3.25,7,6,7,5,Republican,72,4-year college degree,Self-employed,,"70,000-79,999"
191,12/10/19 13:59,R_1QGSxTkiAm4q3rT,0,0,3.58,3.69,5,5,5,3,6,6,3,6,5,3,3,5,5,5,3,5,3,4,2,5,3,2,3,5,5,4,3,4,32,Male,White,2,6,2,6,2,Independent,40,Some College,Hourly full-time employee,,"under $20,000"
722,12/10/19 14:00,R_6QKCv9xhInGWwyR,1,0,4.25,3.19,3,6,2,5,6,5,5,2,3,1,3,2,2,7,7,4,2,3,2,6,5,6,6,5,3,5,5,3,30,Male,White,4.75,2,3,3,5,Democrat,12,Highschool diploma or GED,Salaried full-time employee,,"20,000-29,999"
434,12/10/19 14:01,R_e3ZwoARV5PWqADL,0,0,3.33,2.13,1,2,5,5,6,6,6,6,1,2,2,1,6,6,7,6,2,2,2,6,2,3,2,5,6,6,2,2,37,Male,White,4.25,4,4,4,5,Democrat,0,4-year college degree,Self-employed,,"30,000-39,999"
601,12/10/19 14:03,R_PHe5eqMyZK9wahb,1,0,4.67,1.75,2,1,1,1,5,6,6,7,1,1,2,2,6,6,5,6,3,5,4,4,4,5,3,7,4,3,3,1,29,Male,White,2,6,2,6,2,Democrat,1,4-year college degree,Salaried full-time employee,,"20,000-29,999"
129,12/10/19 14:03,R_3rNZB0Rzk0wh3AR,0,0,4,2.63,3,3,3,3,6,6,6,5,3,3,3,3,6,5,6,6,4,4,4,4,4,4,4,4,4,4,4,4,36,Female,White,5,3,5,3,5,Republican,90,4-year college degree,Salaried full-time employee,,"20,000-29,999"
112,12/10/19 14:04,R_3kukoywB8cyB17y,1,0,4.92,4.13,7,7,7,6,6,7,7,6,7,7,6,6,6,7,6,6,6,6,7,7,7,7,7,6,6,7,6,7,27,Female,White,3.5,7,6,7,6,Republican,41,4-year college degree,Salaried full-time employee,,"50,000-59,999"
111,12/10/19 14:04,R_3Jezy8vOHRuVIjb,1,1,4.25,4.06,3,5,3,5,4,6,5,3,5,5,4,4,3,5,3,4,4,5,4,5,5,5,5,5,4,5,4,6,26,Female,Hispanic or Latino,3.75,6,5,5,5,Independent,50,Highschool diploma or GED,Hourly full-time employee,,"50,000-59,999"
624,12/10/19 14:06,R_1NfY8yJd8VkGX87,1,1,5.58,1.88,4,1,1,2,7,7,7,7,2,3,2,2,7,2,7,7,7,7,6,6,7,7,4,7,4,6,5,1,46,Female,Native American or American Indian,2.5,7,4,7,4,Independent,75,Associates degree or technical training,Other,Retired/Disabled,"30,000-39,999"
186,12/10/19 14:10,R_2wblidZ1nZBsguP,1,1,4.08,4.19,4,3,4,3,3,7,2,3,4,4,5,3,3,3,3,3,3,4,3,7,3,5,3,3,5,3,3,3,23,Male,White,2.75,6,3,5,3,Independent,52,4-year college degree,Hourly full-time employee,,"50,000-59,999"
168,12/10/19 14:10,R_1HieJMmnvMkITZu,0,0,3.17,3.25,2,3,3,5,4,6,6,5,3,3,3,4,5,4,4,4,2,3,3,4,2,2,2,3,4,4,4,3,39,Male,Asian/Pacific Islander,2,6,2,6,2,Independent,14,4-year college degree,Salaried full-time employee,,"50,000-59,999"
284,12/10/19 14:11,R_BXKixjyuScSr1Zf,1,0,4.42,1.69,1,1,2,1,7,7,1,3,1,1,1,1,7,7,7,7,2,5,3,6,2,7,2,7,5,5,2,1,27,Male,White,1,7,1,7,1,Independent,40,Associates degree or technical training,Unemployed/looking for work,,"under $20,000"
82,12/10/19 14:15,R_2an7tsE3Gyo4QNz,1,0,4.83,4.13,7,6,6,6,6,5,7,6,7,5,5,7,6,5,6,6,7,7,6,5,7,6,5,7,7,6,6,5,28,Male,Hispanic or Latino,3.75,7,6,7,7,Democrat,72,4-year college degree,Salaried full-time employee,,"20,000-29,999"
127,12/10/19 14:18,R_1rOcUlMkeRcz06T,0,0,4.5,2.06,2,2,2,2,6,6,6,6,2,2,3,2,6,6,6,6,3,5,5,5,5,5,5,5,5,3,5,3,29,Female,White,3,5,3,5,3,Independent,50,Associates degree or technical training,Hourly full-time employee,,"30,000-39,999"
144,12/10/19 14:24,R_1lcpfcNejXO2p97,1,0,4.17,1,1,1,1,1,7,7,7,7,1,1,1,1,7,7,7,7,4,4,3,5,3,4,4,6,4,4,5,2,36,Female,White,2,6,2,6,2,Democrat,25,4-year college degree,Self-employed,,"40,000-49,999"
318,12/10/19 14:24,R_2BbWDXm44IgHRu3,0,0,3,3.19,4,5,5,5,5,6,3,4,3,3,2,3,7,6,5,7,2,3,3,4,2,3,3,3,6,4,5,4,26,Male,Black or African American,5,3,5,3,5,Democrat,58,4-year college degree,Hourly full-time employee,,"30,000-39,999"
259,12/10/19 14:27,R_3XhvPxqsQYpTtHH,0,0,2.5,3.13,2,3,4,2,6,5,6,3,4,5,3,5,6,5,7,4,1,2,2,2,2,2,2,2,5,5,3,4,29,Male,White,2,6,2,6,2,Independent,61,4-year college degree,Salaried full-time employee,,"70,000-79,999"
295,12/10/19 14:28,R_b7uE9j877RcJa13,0,1,4.42,4.56,6,5,6,5,3,3,5,6,5,6,5,3,3,5,4,3,5,6,3,5,5,4,5,4,2,5,5,4,27,Male,White,4.75,5,6,3,5,Democrat,13,Associates degree or technical training,Hourly full-time employee,,"40,000-49,999"
129,12/10/19 14:31,R_2y0ZFBweTqsvS6z,0,0,4.75,1.38,1,1,1,1,7,7,7,7,1,1,1,7,7,7,7,7,6,5,5,5,5,5,5,7,5,5,5,3,33,Female,White,3,5,3,5,3,Democrat,40,Associates degree or technical training,Salaried full-time employee,,"40,000-49,999"
150,12/10/19 14:32,R_1KrvnSc4fr8ZYoV,0,0,4,2.75,2,2,2,2,2,6,2,2,2,2,2,2,6,6,6,6,4,6,2,2,2,4,2,2,2,2,2,2,35,Male,White,3,5,3,5,3,Republican,69,4-year college degree,Salaried full-time employee,,"40,000-49,999"
301,12/10/19 14:33,R_1Lu3tSz83iiCjab,0,0,3.5,3.25,3,2,4,2,4,5,2,5,4,4,2,4,6,5,4,6,2,4,2,3,2,6,2,5,4,6,4,2,22,Female,Black or African American,4.5,4,5,4,5,Independent,19,Some College,Self-employed,,"under $20,000"
232,12/10/19 14:34,R_W1BCETBV7uNY6rf,0,0,4.5,5.69,1,7,7,7,1,4,1,4,7,4,7,7,4,4,1,1,4,4,6,4,6,6,4,6,6,6,2,4,52,Female,White,6.25,4,7,1,7,Republican,89,Associates degree or technical training,Hourly part-time employee,,"70,000-79,999"
188,12/10/19 14:36,R_1KwlQjS824NPreJ,1,1,4.75,3.81,6,6,7,7,7,7,6,7,6,6,7,6,6,7,7,7,7,6,6,6,7,7,6,7,7,7,7,6,,Male,Black or African American,4,6,6,7,7,Democrat,76,4-year college degree,Salaried full-time employee,,"20,000-29,999"
193,12/10/19 14:37,R_22Yv96mj8G5n9lV,1,1,3.92,3.88,3,5,4,5,5,6,4,3,5,4,4,3,5,5,4,3,3,3,3,5,3,3,3,5,3,4,3,3,39,Female,Asian/Pacific Islander,4.5,3,5,5,5,Democrat,30,4-year college degree,Salaried full-time employee,,"140,000-149,999"
502,12/10/19 14:46,R_rqeEmM6Iwm13rbj,1,0,4.58,4.06,6,6,6,6,6,6,4,5,4,6,5,6,5,6,6,6,6,6,5,5,6,6,5,6,6,5,5,6,43,Female,Asian/Pacific Islander,4.5,5,5,3,5,Independent,50,4-year college degree,Salaried full-time employee,,"90,000-99,999"